year,season,label,folder,prefix,photos,first,last,date,duplicate_of
2025,spring,M3M-blue,DJI_202504301138_001_3,surveys/2025_front_country/spring/data_collection/M3M-blue/DCIM/DJI_202504301138_001_3/,836,20250430114150,20250430120951,20250430,
2025,spring,M3M-blue,DJI_202504301211_002_3,surveys/2025_front_country/spring/data_collection/M3M-blue/DCIM/DJI_202504301211_002_3/,748,20250430121357,20250430123901,20250430,
2025,spring,M3M-blue,DJI_202504301241_003_3,surveys/2025_front_country/spring/data_collection/M3M-blue/DCIM/DJI_202504301241_003_3/,506,20250430124537,20250430130234,20250430,
2025,spring,M3M-blue,DJI_202505011000_001_9,surveys/2025_front_country/spring/data_collection/M3M-blue/DCIM/DJI_202505011000_001_9/,615,20250501100416,20250501102456,20250501,
2025,spring,M3M-blue,DJI_202505011000_002,surveys/2025_front_country/spring/data_collection/M3M-blue/DCIM/DJI_202505011000_002/,1,20250501102458,20250501102458,20250501,
2025,spring,M3M-blue,DJI_202505011027_003_9,surveys/2025_front_country/spring/data_collection/M3M-blue/DCIM/DJI_202505011027_003_9/,686,20250501103014,20250501105313,20250501,
2025,spring,M3M-blue,DJI_202505011056_004_9,surveys/2025_front_country/spring/data_collection/M3M-blue/DCIM/DJI_202505011056_004_9/,729,20250501105856,20250501112322,20250501,
2025,spring,M3M-blue,DJI_202505011125_005_9,surveys/2025_front_country/spring/data_collection/M3M-blue/DCIM/DJI_202505011125_005_9/,155,20250501112722,20250501113232,20250501,
2025,spring,M3M-blue,DJI_202505011208_006_19,surveys/2025_front_country/spring/data_collection/M3M-blue/DCIM/DJI_202505011208_006_19/,559,20250501121333,20250501123310,20250501,
2025,spring,M3M-blue,DJI_202505011208_007,surveys/2025_front_country/spring/data_collection/M3M-blue/DCIM/DJI_202505011208_007/,1,20250501123312,20250501123312,20250501,
2025,spring,M3M-blue,DJI_202505011235_008_19,surveys/2025_front_country/spring/data_collection/M3M-blue/DCIM/DJI_202505011235_008_19/,644,20250501123800,20250501130442,20250501,
2025,spring,M3M-blue,DJI_202505011235_009,surveys/2025_front_country/spring/data_collection/M3M-blue/DCIM/DJI_202505011235_009/,1,20250501130445,20250501130445,20250501,
2025,spring,M3M-blue,DJI_202505011307_010_19,surveys/2025_front_country/spring/data_collection/M3M-blue/DCIM/DJI_202505011307_010_19/,490,20250501131048,20250501132751,20250501,
2025,spring,M3M-blue,DJI_202505021009_011_11,surveys/2025_front_country/spring/data_collection/M3M-blue/DCIM/DJI_202505021009_011_11/,559,20250502101156,20250502103238,20250502,
2025,spring,M3M-blue,DJI_202505021047_012_11,surveys/2025_front_country/spring/data_collection/M3M-blue/DCIM/DJI_202505021047_012_11/,35,20250502104932,20250502105040,20250502,
2025,spring,M3M-blue,DJI_202505021124_013_11,surveys/2025_front_country/spring/data_collection/M3M-blue/DCIM/DJI_202505021124_013_11/,578,20250502112923,20250502114844,20250502,
2025,spring,M3M-blue,DJI_202505021151_014_11,surveys/2025_front_country/spring/data_collection/M3M-blue/DCIM/DJI_202505021151_014_11/,626,20250502115353,20250502121451,20250502,
2025,spring,M3M-blue,DJI_202505021220_015_11,surveys/2025_front_country/spring/data_collection/M3M-blue/DCIM/DJI_202505021220_015_11/,362,20250502122408,20250502123712,20250502,
2025,spring,M3M-blue,DJI_202505021318_016_20,surveys/2025_front_country/spring/data_collection/M3M-blue/DCIM/DJI_202505021318_016_20/,479,20250502132147,20250502134033,20250502,
2025,spring,M3M-blue,DJI_202505021430_017_20,surveys/2025_front_country/spring/data_collection/M3M-blue/DCIM/DJI_202505021430_017_20/,439,20250502143406,20250502144955,20250502,
2025,spring,M3M-blue,DJI_202505021430_018,surveys/2025_front_country/spring/data_collection/M3M-blue/DCIM/DJI_202505021430_018/,1,20250502144958,20250502144958,20250502,
2025,spring,M3M-blue,DJI_202505021451_019_20,surveys/2025_front_country/spring/data_collection/M3M-blue/DCIM/DJI_202505021451_019_20/,328,20250502145324,20250502150510,20250502,
2025,spring,M3M-blue,DJI_202505071156_020_2,surveys/2025_front_country/spring/data_collection/M3M-blue/DCIM/DJI_202505071156_020_2/,404,20250507120037,20250507121408,20250507,
2025,spring,M3M-blue,DJI_202505071217_021_2,surveys/2025_front_country/spring/data_collection/M3M-blue/DCIM/DJI_202505071217_021_2/,747,20250507122041,20250507124543,20250507,
2025,spring,M3M-blue,DJI_202505071247_022_2,surveys/2025_front_country/spring/data_collection/M3M-blue/DCIM/DJI_202505071247_022_2/,540,20250507124945,20250507130750,20250507,
2025,spring,M3M-green,DJI_202504301046_001_0,surveys/2025_front_country/spring/data_collection/M3M-green/DCIM/DJI_202504301046_001_0/,487,20250430105408,20250430111027,20250430,
2025,spring,M3M-green,DJI_202504301114_002_0,surveys/2025_front_country/spring/data_collection/M3M-green/DCIM/DJI_202504301114_002_0/,319,20250430111858,20250430112938,20250430,
2025,spring,M3M-green,DJI_202505011002_001_8,surveys/2025_front_country/spring/data_collection/M3M-green/DCIM/DJI_202505011002_001_8/,649,20250501100828,20250501103013,20250501,
2025,spring,M3M-green,DJI_202505011033_002_8,surveys/2025_front_country/spring/data_collection/M3M-green/DCIM/DJI_202505011033_002_8/,428,20250501103513,20250501105756,20250501,
2025,spring,M3M-green,DJI_202505011100_003_8,surveys/2025_front_country/spring/data_collection/M3M-green/DCIM/DJI_202505011100_003_8/,672,20250501110218,20250501112452,20250501,
2025,spring,M3M-green,DJI_202505011127_004_8,surveys/2025_front_country/spring/data_collection/M3M-green/DCIM/DJI_202505011127_004_8/,45,20250501113022,20250501113151,20250501,
2025,spring,M3M-green,DJI_202505011203_005_15,surveys/2025_front_country/spring/data_collection/M3M-green/DCIM/DJI_202505011203_005_15/,615,20250501120612,20250501122651,20250501,
2025,spring,M3M-green,DJI_202505011203_006,surveys/2025_front_country/spring/data_collection/M3M-green/DCIM/DJI_202505011203_006/,1,20250501122653,20250501122653,20250501,
2025,spring,M3M-green,DJI_202505011230_007_15,surveys/2025_front_country/spring/data_collection/M3M-green/DCIM/DJI_202505011230_007_15/,582,20250501123406,20250501125336,20250501,
2025,spring,M3M-green,DJI_202505011256_008_15,surveys/2025_front_country/spring/data_collection/M3M-green/DCIM/DJI_202505011256_008_15/,615,20250501125951,20250501132027,20250501,
2025,spring,M3M-green,DJI_202505011330_009_15,surveys/2025_front_country/spring/data_collection/M3M-green/DCIM/DJI_202505011330_009_15/,351,20250501133436,20250501134620,20250501,
2025,spring,M3M-green,DJI_202505021005_010_12,surveys/2025_front_country/spring/data_collection/M3M-green/DCIM/DJI_202505021005_010_12/,204,20250502100826,20250502101514,20250502,
2025,spring,M3M-green,DJI_202505021005_011_12,surveys/2025_front_country/spring/data_collection/M3M-green/DCIM/DJI_202505021005_011_12/,371,20250502101717,20250502102942,20250502,
2025,spring,M3M-green,DJI_202505021032_012_12,surveys/2025_front_country/spring/data_collection/M3M-green/DCIM/DJI_202505021032_012_12/,576,20250502103450,20250502105408,20250502,
2025,spring,M3M-green,DJI_202505021058_013_12,surveys/2025_front_country/spring/data_collection/M3M-green/DCIM/DJI_202505021058_013_12/,573,20250502110142,20250502112053,20250502,
2025,spring,M3M-green,DJI_202505021214_014_10,surveys/2025_front_country/spring/data_collection/M3M-green/DCIM/DJI_202505021214_014_10/,490,20250502121958,20250502123622,20250502,
2025,spring,M3M-green,DJI_202505021241_015_10,surveys/2025_front_country/spring/data_collection/M3M-green/DCIM/DJI_202505021241_015_10/,540,20250502124528,20250502130333,20250502,
2025,spring,M3M-green,DJI_202505021307_016_10,surveys/2025_front_country/spring/data_collection/M3M-green/DCIM/DJI_202505021307_016_10/,614,20250502131024,20250502133058,20250502,
2025,spring,M3M-green,DJI_202505021339_017_10,surveys/2025_front_country/spring/data_collection/M3M-green/DCIM/DJI_202505021339_017_10/,558,20250502134305,20250502140146,20250502,
2025,spring,M3M-green,DJI_202505061118_001_6,surveys/2025_front_country/spring/data_collection/M3M-green/DCIM/DJI_202505061118_001_6/,415,20250506112304,20250506113658,20250506,
2025,spring,M3M-green,DJI_202505061118_002,surveys/2025_front_country/spring/data_collection/M3M-green/DCIM/DJI_202505061118_002/,1,20250506113700,20250506113700,20250506,
2025,spring,M3M-green,DJI_202505061140_003_6,surveys/2025_front_country/spring/data_collection/M3M-green/DCIM/DJI_202505061140_003_6/,519,20250506114444,20250506120207,20250506,
2025,spring,M3M-green,DJI_202505061203_004_6,surveys/2025_front_country/spring/data_collection/M3M-green/DCIM/DJI_202505061203_004_6/,543,20250506120609,20250506122420,20250506,
2025,spring,M3M-green,DJI_202505061227_005_6,surveys/2025_front_country/spring/data_collection/M3M-green/DCIM/DJI_202505061227_005_6/,553,20250506122957,20250506124828,20250506,
2025,spring,M3M-green,DJI_202505061251_006_6,surveys/2025_front_country/spring/data_collection/M3M-green/DCIM/DJI_202505061251_006_6/,88,20250506125335,20250506125630,20250506,
2025,spring,M3M-green,DJI_202505071028_007_7,surveys/2025_front_country/spring/data_collection/M3M-green/DCIM/DJI_202505071028_007_7/,570,20250507103230,20250507105136,20250507,
2025,spring,M3M-green,DJI_202505071053_008_7,surveys/2025_front_country/spring/data_collection/M3M-green/DCIM/DJI_202505071053_008_7/,401,20250507105605,20250507110930,20250507,
2025,spring,M3M-red,DJI_202504301059_001_4,surveys/2025_front_country/spring/data_collection/M3M-red/DCIM/DJI_202504301059_001_4/,557,20250430110345,20250430112810,20250430,
2025,spring,M3M-red,DJI_202504301131_002_4,surveys/2025_front_country/spring/data_collection/M3M-red/DCIM/DJI_202504301131_002_4/,539,20250430113455,20250430115901,20250430,
2025,spring,M3M-red,DJI_202504301131_003,surveys/2025_front_country/spring/data_collection/M3M-red/DCIM/DJI_202504301131_003/,1,20250430115904,20250430115904,20250430,
2025,spring,M3M-red,DJI_202504301202_004_4,surveys/2025_front_country/spring/data_collection/M3M-red/DCIM/DJI_202504301202_004_4/,88,20250430120541,20250430120923,20250430,
2025,spring,M3M-red,DJI_202504301202_005_4,surveys/2025_front_country/spring/data_collection/M3M-red/DCIM/DJI_202504301202_005_4/,224,20250430121045,20250430122039,20250430,
2025,spring,M3M-red,DJI_202504301202_006_4,surveys/2025_front_country/spring/data_collection/M3M-red/DCIM/DJI_202504301202_006_4/,5,20250430122158,20250430122206,20250430,
2025,spring,M3M-red,DJI_202504301317_007_4,surveys/2025_front_country/spring/data_collection/M3M-red/DCIM/DJI_202504301317_007_4/,107,20250430132103,20250430132534,20250430,
2025,spring,M3M-red,DJI_202505011010_001_13,surveys/2025_front_country/spring/data_collection/M3M-red/DCIM/DJI_202505011010_001_13/,609,20250501101243,20250501103939,20250501,
2025,spring,M3M-red,DJI_202505011010_002,surveys/2025_front_country/spring/data_collection/M3M-red/DCIM/DJI_202505011010_002/,1,20250501103942,20250501103942,20250501,
2025,spring,M3M-red,DJI_202505011047_003_13,surveys/2025_front_country/spring/data_collection/M3M-red/DCIM/DJI_202505011047_003_13/,202,20250501105035,20250501105916,20250501,
2025,spring,M3M-red,DJI_202505011156_004_14,surveys/2025_front_country/spring/data_collection/M3M-red/DCIM/DJI_202505011156_004_14/,548,20250501120100,20250501122442,20250501,
2025,spring,M3M-red,DJI_202505011228_005_14,surveys/2025_front_country/spring/data_collection/M3M-red/DCIM/DJI_202505011228_005_14/,566,20250501123152,20250501125636,20250501,
2025,spring,M3M-red,DJI_202505011228_006,surveys/2025_front_country/spring/data_collection/M3M-red/DCIM/DJI_202505011228_006/,1,20250501125638,20250501125638,20250501,
2025,spring,M3M-red,DJI_202505011259_007_14,surveys/2025_front_country/spring/data_collection/M3M-red/DCIM/DJI_202505011259_007_14/,124,20250501130238,20250501130752,20250501,
2025,spring,M3M-red,DJI_202505011259_008_14,surveys/2025_front_country/spring/data_collection/M3M-red/DCIM/DJI_202505011259_008_14/,411,20250501130954,20250501132739,20250501,
2025,spring,M3M-red,DJI_202505011352_009_18,surveys/2025_front_country/spring/data_collection/M3M-red/DCIM/DJI_202505011352_009_18/,515,20250501135434,20250501141724,20250501,
2025,spring,M3M-red,DJI_202505011352_010,surveys/2025_front_country/spring/data_collection/M3M-red/DCIM/DJI_202505011352_010/,1,20250501141727,20250501141727,20250501,
2025,spring,M3M-red,DJI_202505011419_011_18,surveys/2025_front_country/spring/data_collection/M3M-red/DCIM/DJI_202505011419_011_18/,485,20250501142121,20250501144315,20250501,
2025,spring,M3M-red,DJI_202505021013_012_17,surveys/2025_front_country/spring/data_collection/M3M-red/DCIM/DJI_202505021013_012_17/,400,20250502101639,20250502103551,20250502,
2025,spring,M3M-red,DJI_202505021013_013,surveys/2025_front_country/spring/data_collection/M3M-red/DCIM/DJI_202505021013_013/,1,20250502103553,20250502103553,20250502,
2025,spring,M3M-red,DJI_202505021045_014_17,surveys/2025_front_country/spring/data_collection/M3M-red/DCIM/DJI_202505021045_014_17/,109,20250502104820,20250502105305,20250502,
2025,spring,M3M-red,DJI_202505021045_015_17,surveys/2025_front_country/spring/data_collection/M3M-red/DCIM/DJI_202505021045_015_17/,74,20250502105552,20250502105901,20250502,
2025,spring,M3M-red,DJI_202505021128_016_17,surveys/2025_front_country/spring/data_collection/M3M-red/DCIM/DJI_202505021128_016_17/,499,20250502113234,20250502115450,20250502,
2025,spring,M3M-red,DJI_202505021128_017,surveys/2025_front_country/spring/data_collection/M3M-red/DCIM/DJI_202505021128_017/,1,20250502115453,20250502115453,20250502,
2025,spring,M3M-red,DJI_202505021203_018_17,surveys/2025_front_country/spring/data_collection/M3M-red/DCIM/DJI_202505021203_018_17/,314,20250502120711,20250502122114,20250502,
2025,spring,M3M-red,DJI_202505021232_019_16,surveys/2025_front_country/spring/data_collection/M3M-red/DCIM/DJI_202505021232_019_16/,543,20250502123346,20250502130014,20250502,
2025,spring,M3M-red,DJI_202505021303_020_16,surveys/2025_front_country/spring/data_collection/M3M-red/DCIM/DJI_202505021303_020_16/,531,20250502130557,20250502133048,20250502,
2025,spring,M3M-red,DJI_202505021303_021,surveys/2025_front_country/spring/data_collection/M3M-red/DCIM/DJI_202505021303_021/,1,20250502133050,20250502133050,20250502,
2025,spring,M3M-red,DJI_202505021346_022_16,surveys/2025_front_country/spring/data_collection/M3M-red/DCIM/DJI_202505021346_022_16/,508,20250502134920,20250502141212,20250502,
2025,spring,M3M-red,DJI_202505061114_001_5,surveys/2025_front_country/spring/data_collection/M3M-red/DCIM/DJI_202505061114_001_5/,437,20250506111652,20250506113630,20250506,
2025,spring,M3M-red,DJI_202505061139_002_5,surveys/2025_front_country/spring/data_collection/M3M-red/DCIM/DJI_202505061139_002_5/,467,20250506114134,20250506120255,20250506,
2025,spring,M3M-red,DJI_202505061139_003,surveys/2025_front_country/spring/data_collection/M3M-red/DCIM/DJI_202505061139_003/,1,20250506120258,20250506120258,20250506,
2025,spring,M3M-red,DJI_202505061206_004_5,surveys/2025_front_country/spring/data_collection/M3M-red/DCIM/DJI_202505061206_004_5/,419,20250506121039,20250506123016,20250506,
2025,spring,M3M-red,DJI_202505061234_005_5,surveys/2025_front_country/spring/data_collection/M3M-red/DCIM/DJI_202505061234_005_5/,261,20250506123912,20250506125100,20250506,
2025,spring,M3M-red,DJI_202505071153_006_1,surveys/2025_front_country/spring/data_collection/M3M-red/DCIM/DJI_202505071153_006_1/,534,20250507115728,20250507122207,20250507,
2025,spring,M3M-red,DJI_202505071225_007_1,surveys/2025_front_country/spring/data_collection/M3M-red/DCIM/DJI_202505071225_007_1/,519,20250507122948,20250507125334,20250507,
2025,spring,M3M-red,DJI_202505071225_008,surveys/2025_front_country/spring/data_collection/M3M-red/DCIM/DJI_202505071225_008/,1,20250507125336,20250507125336,20250507,
2025,spring,M3M-red,DJI_202505071257_009_1,surveys/2025_front_country/spring/data_collection/M3M-red/DCIM/DJI_202505071257_009_1/,62,20250507130234,20250507130514,20250507,
2025,summer,M3M-blue,DJI_202506241143_002_4,surveys/2025_front_country/summer/data_collection/M3M-blue/DCIM/DJI_202506241143_002_4/,621,20250624114844,20250624120932,20250624,
2025,summer,M3M-blue,DJI_202506241213_003_4,surveys/2025_front_country/summer/data_collection/M3M-blue/DCIM/DJI_202506241213_003_4/,596,20250624121650,20250624123648,20250624,
2025,summer,M3M-blue,DJI_202506241241_004_4,surveys/2025_front_country/summer/data_collection/M3M-blue/DCIM/DJI_202506241241_004_4/,644,20250624124440,20250624130614,20250624,
2025,summer,M3M-blue,DJI_202506241311_005_4,surveys/2025_front_country/summer/data_collection/M3M-blue/DCIM/DJI_202506241311_005_4/,108,20250624131603,20250624131938,20250624,
2025,summer,M3M-blue,DJI_202506301028_006_3,surveys/2025_front_country/summer/data_collection/M3M-blue/DCIM/DJI_202506301028_006_3/,624,20250630103235,20250630105329,20250630,
2025,summer,M3M-blue,DJI_202506301057_007_3,surveys/2025_front_country/summer/data_collection/M3M-blue/DCIM/DJI_202506301057_007_3/,545,20250630110027,20250630112032,20250630,
2025,summer,M3M-blue,DJI_202506301124_008_3,surveys/2025_front_country/summer/data_collection/M3M-blue/DCIM/DJI_202506301124_008_3/,400,20250630112902,20250630114708,20250630,
2025,summer,M3M-blue,DJI_202506301124_009,surveys/2025_front_country/summer/data_collection/M3M-blue/DCIM/DJI_202506301124_009/,1,20250630114710,20250630114710,20250630,
2025,summer,M3M-blue,DJI_202506301151_010_3,surveys/2025_front_country/summer/data_collection/M3M-blue/DCIM/DJI_202506301151_010_3/,292,20250630115509,20250630120602,20250630,
2025,summer,M3M-blue,DJI_202507011012_001_18,surveys/2025_front_country/summer/data_collection/M3M-blue/DCIM/DJI_202507011012_001_18/,671,20250701101644,20250701103913,20250701,
2025,summer,M3M-blue,DJI_202507011012_002,surveys/2025_front_country/summer/data_collection/M3M-blue/DCIM/DJI_202507011012_002/,1,20250701103915,20250701103915,20250701,
2025,summer,M3M-blue,DJI_202507011041_003_18,surveys/2025_front_country/summer/data_collection/M3M-blue/DCIM/DJI_202507011041_003_18/,618,20250701104426,20250701111059,20250701,
2025,summer,M3M-blue,DJI_202507011041_004,surveys/2025_front_country/summer/data_collection/M3M-blue/DCIM/DJI_202507011041_004/,1,20250701111101,20250701111101,20250701,
2025,summer,M3M-blue,DJI_202507011113_005_18,surveys/2025_front_country/summer/data_collection/M3M-blue/DCIM/DJI_202507011113_005_18/,7,20250701111544,20250701111556,20250701,
2025,summer,M3M-blue,DJI_202507011210_006_19,surveys/2025_front_country/summer/data_collection/M3M-blue/DCIM/DJI_202507011210_006_19/,579,20250701121340,20250701123552,20250701,
2025,summer,M3M-blue,DJI_202507011238_007_19,surveys/2025_front_country/summer/data_collection/M3M-blue/DCIM/DJI_202507011238_007_19/,651,20250701124101,20250701130315,20250701,
2025,summer,M3M-blue,DJI_202507011238_008,surveys/2025_front_country/summer/data_collection/M3M-blue/DCIM/DJI_202507011238_008/,1,20250701130317,20250701130317,20250701,
2025,summer,M3M-blue,DJI_202507011307_009_19,surveys/2025_front_country/summer/data_collection/M3M-blue/DCIM/DJI_202507011307_009_19/,519,20250701131018,20250701132741,20250701,
2025,summer,M3M-blue,DJI_202507011330_010_19,surveys/2025_front_country/summer/data_collection/M3M-blue/DCIM/DJI_202507011330_010_19/,135,20250701133304,20250701133733,20250701,
2025,summer,M3M-blue,DJI_202507021036_011_20,surveys/2025_front_country/summer/data_collection/M3M-blue/DCIM/DJI_202507021036_011_20/,650,20250702103953,20250702110140,20250702,
2025,summer,M3M-blue,DJI_202507021104_012_20,surveys/2025_front_country/summer/data_collection/M3M-blue/DCIM/DJI_202507021104_012_20/,545,20250702110720,20250702112535,20250702,
2025,summer,M3M-blue,DJI_202507021133_013_20,surveys/2025_front_country/summer/data_collection/M3M-blue/DCIM/DJI_202507021133_013_20/,405,20250702113645,20250702115018,20250702,
2025,summer,M3M-blue,DJI_202507021322_014_10,surveys/2025_front_country/summer/data_collection/M3M-blue/DCIM/DJI_202507021322_014_10/,490,20250702132712,20250702134635,20250702,
2025,summer,M3M-blue,DJI_202507021351_015_10,surveys/2025_front_country/summer/data_collection/M3M-blue/DCIM/DJI_202507021351_015_10/,503,20250702135505,20250702141426,20250702,
2025,summer,M3M-blue,DJI_202507021351_016,surveys/2025_front_country/summer/data_collection/M3M-blue/DCIM/DJI_202507021351_016/,1,20250702141428,20250702141428,20250702,
2025,summer,M3M-blue,DJI_202507021418_017_10,surveys/2025_front_country/summer/data_collection/M3M-blue/DCIM/DJI_202507021418_017_10/,516,20250702142227,20250702144115,20250702,
2025,summer,M3M-blue,DJI_202507021418_018,surveys/2025_front_country/summer/data_collection/M3M-blue/DCIM/DJI_202507021418_018/,1,20250702144117,20250702144117,20250702,
2025,summer,M3M-blue,DJI_202507021446_019_10,surveys/2025_front_country/summer/data_collection/M3M-blue/DCIM/DJI_202507021446_019_10/,429,20250702145057,20250702150704,20250702,
2025,summer,M3M-blue,DJI_202507161132_020_1,surveys/2025_front_country/summer/data_collection/M3M-blue/DCIM/DJI_202507161132_020_1/,652,20250716113454,20250716115644,20250716,
2025,summer,M3M-blue,DJI_202507161200_021_1,surveys/2025_front_country/summer/data_collection/M3M-blue/DCIM/DJI_202507161200_021_1/,699,20250716120219,20250716122544,20250716,
2025,summer,M3M-blue,DJI_202507161228_022_1,surveys/2025_front_country/summer/data_collection/M3M-blue/DCIM/DJI_202507161228_022_1/,147,20250716123147,20250716123641,20250716,
2025,summer,M3M-blue,_aborted,surveys/2025_front_country/summer/data_collection/M3M-blue/DCIM/_aborted/,219,20250624110218,20250624110936,20250624,
2025,summer,M3M-green,DJI_202506251053_011_6,surveys/2025_front_country/summer/data_collection/M3M-green/DCIM/DJI_202506251053_011_6/,274,20250625110230,20250625111140,20250625,
2025,summer,M3M-green,DJI_202506251116_012_6,surveys/2025_front_country/summer/data_collection/M3M-green/DCIM/DJI_202506251116_012_6/,472,20250625112213,20250625113801,20250625,
2025,summer,M3M-green,DJI_202506251142_013_6,surveys/2025_front_country/summer/data_collection/M3M-green/DCIM/DJI_202506251142_013_6/,475,20250625114641,20250625120243,20250625,
2025,summer,M3M-green,DJI_202506251142_014,surveys/2025_front_country/summer/data_collection/M3M-green/DCIM/DJI_202506251142_014/,1,20250625120245,20250625120245,20250625,
2025,summer,M3M-green,DJI_202506251206_015_6,surveys/2025_front_country/summer/data_collection/M3M-green/DCIM/DJI_202506251206_015_6/,533,20250625120954,20250625122744,20250625,
2025,summer,M3M-green,DJI_202506251232_016_6,surveys/2025_front_country/summer/data_collection/M3M-green/DCIM/DJI_202506251232_016_6/,352,20250625123801,20250625124948,20250625,
2025,summer,M3M-green,DJI_202506261118_017_12,surveys/2025_front_country/summer/data_collection/M3M-green/DCIM/DJI_202506261118_017_12/,636,20250626112210,20250626114331,20250626,
2025,summer,M3M-green,DJI_202506261146_018_12,surveys/2025_front_country/summer/data_collection/M3M-green/DCIM/DJI_202506261146_018_12/,604,20250626114956,20250626121009,20250626,
2025,summer,M3M-green,DJI_202506261213_019_12,surveys/2025_front_country/summer/data_collection/M3M-green/DCIM/DJI_202506261213_019_12/,490,20250626121657,20250626123322,20250626,
2025,summer,M3M-green,DJI_202506301031_020_8,surveys/2025_front_country/summer/data_collection/M3M-green/DCIM/DJI_202506301031_020_8/,710,20250630103430,20250630105817,20250630,
2025,summer,M3M-green,DJI_202506301100_021_8,surveys/2025_front_country/summer/data_collection/M3M-green/DCIM/DJI_202506301100_021_8/,681,20250630110403,20250630112652,20250630,
2025,summer,M3M-green,DJI_202506301129_022_8,surveys/2025_front_country/summer/data_collection/M3M-green/DCIM/DJI_202506301129_022_8/,402,20250630113113,20250630114440,20250630,
2025,summer,M3M-green,DJI_202507011019_011_13,surveys/2025_front_country/summer/data_collection/M3M-green/DCIM/DJI_202507011019_011_13/,566,20250701102359,20250701104257,20250701,
2025,summer,M3M-green,DJI_202507011046_012_13,surveys/2025_front_country/summer/data_collection/M3M-green/DCIM/DJI_202507011046_012_13/,499,20250701104942,20250701111104,20250701,
2025,summer,M3M-green,DJI_202507011115_013_13,surveys/2025_front_country/summer/data_collection/M3M-green/DCIM/DJI_202507011115_013_13/,40,20250701111910,20250701112029,20250701,
2025,summer,M3M-green,DJI_202507011213_014_15,surveys/2025_front_country/summer/data_collection/M3M-green/DCIM/DJI_202507011213_014_15/,617,20250701121653,20250701123733,20250701,
2025,summer,M3M-green,DJI_202507011240_015_15,surveys/2025_front_country/summer/data_collection/M3M-green/DCIM/DJI_202507011240_015_15/,567,20250701124401,20250701130300,20250701,
2025,summer,M3M-green,DJI_202507011305_016_15,surveys/2025_front_country/summer/data_collection/M3M-green/DCIM/DJI_202507011305_016_15/,586,20250701130852,20250701132938,20250701,
2025,summer,M3M-green,DJI_202507011332_017_15,surveys/2025_front_country/summer/data_collection/M3M-green/DCIM/DJI_202507011332_017_15/,394,20250701133436,20250701134747,20250701,
2025,summer,M3M-green,DJI_202507021031_018_17,surveys/2025_front_country/summer/data_collection/M3M-green/DCIM/DJI_202507021031_018_17/,536,20250702103539,20250702105334,20250702,
2025,summer,M3M-green,DJI_202507021057_019_17,surveys/2025_front_country/summer/data_collection/M3M-green/DCIM/DJI_202507021057_019_17/,456,20250702110346,20250702111901,20250702,
2025,summer,M3M-green,DJI_202507021057_020,surveys/2025_front_country/summer/data_collection/M3M-green/DCIM/DJI_202507021057_020/,1,20250702111903,20250702111903,20250702,
2025,summer,M3M-green,DJI_202507021130_021_17,surveys/2025_front_country/summer/data_collection/M3M-green/DCIM/DJI_202507021130_021_17/,320,20250702113700,20250702114912,20250702,
2025,summer,M3M-green,DJI_202507021154_022_17,surveys/2025_front_country/summer/data_collection/M3M-green/DCIM/DJI_202507021154_022_17/,343,20250702120216,20250702121527,20250702,
2025,summer,M3M-green,DJI_202507021154_023,surveys/2025_front_country/summer/data_collection/M3M-green/DCIM/DJI_202507021154_023/,1,20250702121530,20250702121530,20250702,
2025,summer,M3M-green,DJI_202507021220_024_17,surveys/2025_front_country/summer/data_collection/M3M-green/DCIM/DJI_202507021220_024_17/,60,20250702122611,20250702122819,20250702,
2025,summer,M3M-green,_repeat,surveys/2025_front_country/summer/data_collection/M3M-green/DCIM/_repeat/,2107,20250630123917,20250630140419,20250630,
2025,summer,M3M-red,DJI_202506241132_009_9,surveys/2025_front_country/summer/data_collection/M3M-red/DCIM/DJI_202506241132_009_9/,529,20250624113922,20250624120454,20250624,
2025,summer,M3M-red,DJI_202506241207_010_9,surveys/2025_front_country/summer/data_collection/M3M-red/DCIM/DJI_202506241207_010_9/,569,20250624121026,20250624123649,20250624,
2025,summer,M3M-red,DJI_202506241207_011,surveys/2025_front_country/summer/data_collection/M3M-red/DCIM/DJI_202506241207_011/,1,20250624123652,20250624123652,20250624,
2025,summer,M3M-red,DJI_202506241239_012_9,surveys/2025_front_country/summer/data_collection/M3M-red/DCIM/DJI_202506241239_012_9/,433,20250624124226,20250624130248,20250624,
2025,summer,M3M-red,DJI_202506251101_013_2,surveys/2025_front_country/summer/data_collection/M3M-red/DCIM/DJI_202506251101_013_2/,434,20250625110651,20250625112720,20250625,
2025,summer,M3M-red,DJI_202506251101_014,surveys/2025_front_country/summer/data_collection/M3M-red/DCIM/DJI_202506251101_014/,1,20250625112723,20250625112723,20250625,
2025,summer,M3M-red,DJI_202506251132_015_2,surveys/2025_front_country/summer/data_collection/M3M-red/DCIM/DJI_202506251132_015_2/,547,20250625113510,20250625120032,20250625,
2025,summer,M3M-red,DJI_202506251132_016,surveys/2025_front_country/summer/data_collection/M3M-red/DCIM/DJI_202506251132_016/,1,20250625120035,20250625120035,20250625,
2025,summer,M3M-red,DJI_202506251202_017_2,surveys/2025_front_country/summer/data_collection/M3M-red/DCIM/DJI_202506251202_017_2/,241,20250625120513,20250625121621,20250625,
2025,summer,M3M-red,DJI_202506261110_018_7,surveys/2025_front_country/summer/data_collection/M3M-red/DCIM/DJI_202506261110_018_7/,507,20250626111624,20250626114046,20250626,
2025,summer,M3M-red,DJI_202506261110_019,surveys/2025_front_country/summer/data_collection/M3M-red/DCIM/DJI_202506261110_019/,1,20250626114050,20250626114050,20250626,
2025,summer,M3M-red,DJI_202506261143_020_7,surveys/2025_front_country/summer/data_collection/M3M-red/DCIM/DJI_202506261143_020_7/,224,20250626114628,20250626115724,20250626,
2025,summer,M3M-red,DJI_202506301033_021_0,surveys/2025_front_country/summer/data_collection/M3M-red/DCIM/DJI_202506301033_021_0/,399,20250630103856,20250630105737,20250630,
2025,summer,M3M-red,DJI_202506301103_022_0,surveys/2025_front_country/summer/data_collection/M3M-red/DCIM/DJI_202506301103_022_0/,177,20250630110809,20250630111626,20250630,
2025,summer,M3M-red,DJI_202506301230_023_5,surveys/2025_front_country/summer/data_collection/M3M-red/DCIM/DJI_202506301230_023_5/,509,20250630123304,20250630125753,20250630,
2025,summer,M3M-red,DJI_202506301230_024,surveys/2025_front_country/summer/data_collection/M3M-red/DCIM/DJI_202506301230_024/,1,20250630125756,20250630125756,20250630,
2025,summer,M3M-red,DJI_202506301301_025_5,surveys/2025_front_country/summer/data_collection/M3M-red/DCIM/DJI_202506301301_025_5/,511,20250630130419,20250630132911,20250630,
2025,summer,M3M-red,DJI_202506301301_026,surveys/2025_front_country/summer/data_collection/M3M-red/DCIM/DJI_202506301301_026/,1,20250630132914,20250630132914,20250630,
2025,summer,M3M-red,DJI_202506301333_027_5,surveys/2025_front_country/summer/data_collection/M3M-red/DCIM/DJI_202506301333_027_5/,460,20250630133657,20250630135930,20250630,
2025,summer,M3M-red,DJI_202507011008_008_14,surveys/2025_front_country/summer/data_collection/M3M-red/DCIM/DJI_202507011008_008_14/,494,20250701101234,20250701103553,20250701,
2025,summer,M3M-red,DJI_202507011008_009,surveys/2025_front_country/summer/data_collection/M3M-red/DCIM/DJI_202507011008_009/,1,20250701103555,20250701103555,20250701,
2025,summer,M3M-red,DJI_202507011039_010_14,surveys/2025_front_country/summer/data_collection/M3M-red/DCIM/DJI_202507011039_010_14/,437,20250701104204,20250701110651,20250701,
2025,summer,M3M-red,DJI_202507011039_011,surveys/2025_front_country/summer/data_collection/M3M-red/DCIM/DJI_202507011039_011/,1,20250701110653,20250701110653,20250701,
2025,summer,M3M-red,DJI_202507011110_012_14,surveys/2025_front_country/summer/data_collection/M3M-red/DCIM/DJI_202507011110_012_14/,301,20250701111352,20250701112818,20250701,
2025,summer,M3M-red,DJI_202507011136_013_14,surveys/2025_front_country/summer/data_collection/M3M-red/DCIM/DJI_202507011136_013_14/,272,20250701114020,20250701115324,20250701,
2025,summer,M3M-red,DJI_202507021029_014_16,surveys/2025_front_country/summer/data_collection/M3M-red/DCIM/DJI_202507021029_014_16/,417,20250702103527,20250702105433,20250702,
2025,summer,M3M-red,DJI_202507021029_015,surveys/2025_front_country/summer/data_collection/M3M-red/DCIM/DJI_202507021029_015/,1,20250702105435,20250702105435,20250702,
2025,summer,M3M-red,DJI_202507021059_016_16,surveys/2025_front_country/summer/data_collection/M3M-red/DCIM/DJI_202507021059_016_16/,408,20250702110428,20250702112354,20250702,
2025,summer,M3M-red,DJI_202507021059_017,surveys/2025_front_country/summer/data_collection/M3M-red/DCIM/DJI_202507021059_017/,1,20250702112358,20250702112358,20250702,
2025,summer,M3M-red,DJI_202507021134_018_16,surveys/2025_front_country/summer/data_collection/M3M-red/DCIM/DJI_202507021134_018_16/,374,20250702113833,20250702120036,20250702,
2025,summer,M3M-red,DJI_202507021134_019,surveys/2025_front_country/summer/data_collection/M3M-red/DCIM/DJI_202507021134_019/,1,20250702120039,20250702120039,20250702,
2025,summer,M3M-red,DJI_202507021204_020_16,surveys/2025_front_country/summer/data_collection/M3M-red/DCIM/DJI_202507021204_020_16/,341,20250702120807,20250702122354,20250702,
2025,summer,M3M-red,DJI_202507021319_021_11,surveys/2025_front_country/summer/data_collection/M3M-red/DCIM/DJI_202507021319_021_11/,527,20250702132204,20250702134708,20250702,
2025,summer,M3M-red,DJI_202507021349_022_11,surveys/2025_front_country/summer/data_collection/M3M-red/DCIM/DJI_202507021349_022_11/,519,20250702135202,20250702141655,20250702,
2025,summer,M3M-red,DJI_202507021419_023_11,surveys/2025_front_country/summer/data_collection/M3M-red/DCIM/DJI_202507021419_023_11/,428,20250702142224,20250702144240,20250702,
2025,summer,M3M-red,DJI_202507021445_024_11,surveys/2025_front_country/summer/data_collection/M3M-red/DCIM/DJI_202507021445_024_11/,14,20250702144848,20250702144919,20250702,
2025,summer,M3M-red,_aborted,surveys/2025_front_country/summer/data_collection/M3M-red/DCIM/_aborted/,175,20250624110026,20250624110804,20250624,
2025,fall,M3M-blue,DJI_202510071117_014_6,surveys/2025_front_country/fall/data_collection/M3M-blue/DCIM/DJI_202510071117_014_6/,370,20251007112212,20251007113951,20251007,
2025,fall,M3M-blue,DJI_202510071117_015,surveys/2025_front_country/fall/data_collection/M3M-blue/DCIM/DJI_202510071117_015/,1,20251007113953,20251007113953,20251007,
2025,fall,M3M-blue,DJI_202510071142_016_6,surveys/2025_front_country/fall/data_collection/M3M-blue/DCIM/DJI_202510071142_016_6/,434,20251007114547,20251007120628,20251007,
2025,fall,M3M-blue,DJI_202510071142_017,surveys/2025_front_country/fall/data_collection/M3M-blue/DCIM/DJI_202510071142_017/,1,20251007120631,20251007120631,20251007,
2025,fall,M3M-blue,DJI_202510071208_018_6,surveys/2025_front_country/fall/data_collection/M3M-blue/DCIM/DJI_202510071208_018_6/,488,20251007121107,20251007123412,20251007,
2025,fall,M3M-blue,DJI_202510071208_019,surveys/2025_front_country/fall/data_collection/M3M-blue/DCIM/DJI_202510071208_019/,1,20251007123415,20251007123415,20251007,
2025,fall,M3M-blue,DJI_202510071237_020_6,surveys/2025_front_country/fall/data_collection/M3M-blue/DCIM/DJI_202510071237_020_6/,338,20251007124010,20251007125608,20251007,
2025,fall,M3M-blue,DJI_202510071336_021_0,surveys/2025_front_country/fall/data_collection/M3M-blue/DCIM/DJI_202510071336_021_0/,418,20251007134051,20251007140023,20251007,
2025,fall,M3M-blue,DJI_202510071336_022,surveys/2025_front_country/fall/data_collection/M3M-blue/DCIM/DJI_202510071336_022/,1,20251007140026,20251007140026,20251007,
2025,fall,M3M-blue,DJI_202510071404_023_0,surveys/2025_front_country/fall/data_collection/M3M-blue/DCIM/DJI_202510071404_023_0/,205,20251007140748,20251007141731,20251007,
2025,fall,M3M-blue,DJI_202510081141_012_12,surveys/2025_front_country/fall/data_collection/M3M-blue/DCIM/DJI_202510081141_012_12/,586,20251008114341,20251008120318,20251008,
2025,fall,M3M-blue,DJI_202510081207_013_12,surveys/2025_front_country/fall/data_collection/M3M-blue/DCIM/DJI_202510081207_013_12/,569,20251008121136,20251008123236,20251008,
2025,fall,M3M-blue,DJI_202510081207_014,surveys/2025_front_country/fall/data_collection/M3M-blue/DCIM/DJI_202510081207_014/,1,20251008123239,20251008123239,20251008,
2025,fall,M3M-blue,DJI_202510081236_015_12,surveys/2025_front_country/fall/data_collection/M3M-blue/DCIM/DJI_202510081236_015_12/,528,20251008124007,20251008125919,20251008,
2025,fall,M3M-blue,DJI_202510081236_016,surveys/2025_front_country/fall/data_collection/M3M-blue/DCIM/DJI_202510081236_016/,1,20251008125922,20251008125922,20251008,
2025,fall,M3M-blue,DJI_202510081302_017_12,surveys/2025_front_country/fall/data_collection/M3M-blue/DCIM/DJI_202510081302_017_12/,71,20251008130533,20251008130755,20251008,
2025,fall,M3M-blue,DJI_202510081401_018_15,surveys/2025_front_country/fall/data_collection/M3M-blue/DCIM/DJI_202510081401_018_15/,629,20251008140440,20251008142543,20251008,
2025,fall,M3M-blue,DJI_202510081428_019_15,surveys/2025_front_country/fall/data_collection/M3M-blue/DCIM/DJI_202510081428_019_15/,660,20251008143050,20251008145256,20251008,
2025,fall,M3M-blue,DJI_202510081456_020_15,surveys/2025_front_country/fall/data_collection/M3M-blue/DCIM/DJI_202510081456_020_15/,582,20251008145953,20251008151941,20251008,
2025,fall,M3M-blue,DJI_202510081522_021_15,surveys/2025_front_country/fall/data_collection/M3M-blue/DCIM/DJI_202510081522_021_15/,540,20251008152536,20251008154341,20251008,
2025,fall,M3M-blue,DJI_202510091045_022_14,surveys/2025_front_country/fall/data_collection/M3M-blue/DCIM/DJI_202510091045_022_14/,643,20251009104900,20251009111156,20251009,
2025,fall,M3M-blue,DJI_202510091115_023_14,surveys/2025_front_country/fall/data_collection/M3M-blue/DCIM/DJI_202510091115_023_14/,595,20251009111821,20251009114226,20251009,
2025,fall,M3M-blue,DJI_202510091115_024,surveys/2025_front_country/fall/data_collection/M3M-blue/DCIM/DJI_202510091115_024/,1,20251009114230,20251009114230,20251009,
2025,fall,M3M-blue,DJI_202510091145_025_14,surveys/2025_front_country/fall/data_collection/M3M-blue/DCIM/DJI_202510091145_025_14/,473,20251009114957,20251009120937,20251009,
2025,fall,M3M-blue,DJI_202510091213_026_14,surveys/2025_front_country/fall/data_collection/M3M-blue/DCIM/DJI_202510091213_026_14/,280,20251009121720,20251009123118,20251009,
2025,fall,M3M-blue,DJI_202510101259_027_3,surveys/2025_front_country/fall/data_collection/M3M-blue/DCIM/DJI_202510101259_027_3/,585,20251010130308,20251010132244,20251010,
2025,fall,M3M-blue,DJI_202510101259_028,surveys/2025_front_country/fall/data_collection/M3M-blue/DCIM/DJI_202510101259_028/,1,20251010132246,20251010132246,20251010,
2025,fall,M3M-blue,DJI_202510101326_029_3,surveys/2025_front_country/fall/data_collection/M3M-blue/DCIM/DJI_202510101326_029_3/,452,20251010132936,20251010134447,20251010,
2025,fall,M3M-blue,DJI_202510101349_030_3,surveys/2025_front_country/fall/data_collection/M3M-blue/DCIM/DJI_202510101349_030_3/,497,20251010135326,20251010141004,20251010,
2025,fall,M3M-blue,DJI_202510101413_031_3,surveys/2025_front_country/fall/data_collection/M3M-blue/DCIM/DJI_202510101413_031_3/,467,20251010141554,20251010143144,20251010,
2025,fall,M3M-blue,DJI_202510101434_032_3,surveys/2025_front_country/fall/data_collection/M3M-blue/DCIM/DJI_202510101434_032_3/,161,20251010143739,20251010144421,20251010,
2025,fall,M3M-green,DJI_202510061150_007_16,surveys/2025_front_country/fall/data_collection/M3M-green/DCIM/DJI_202510061150_007_16/,492,20251006115634,20251006121302,20251006,
2025,fall,M3M-green,DJI_202510061217_008_16,surveys/2025_front_country/fall/data_collection/M3M-green/DCIM/DJI_202510061217_008_16/,478,20251006122248,20251006123848,20251006,
2025,fall,M3M-green,DJI_202510061243_009_16,surveys/2025_front_country/fall/data_collection/M3M-green/DCIM/DJI_202510061243_009_16/,468,20251006124918,20251006130458,20251006,
2025,fall,M3M-green,DJI_202510061310_010_16,surveys/2025_front_country/fall/data_collection/M3M-green/DCIM/DJI_202510061310_010_16/,518,20251006131555,20251006133316,20251006,
2025,fall,M3M-green,DJI_202510061337_011_16,surveys/2025_front_country/fall/data_collection/M3M-green/DCIM/DJI_202510061337_011_16/,455,20251006134100,20251006135614,20251006,
2025,fall,M3M-green,DJI_202510061401_012_20,surveys/2025_front_country/fall/data_collection/M3M-green/DCIM/DJI_202510061401_012_20/,571,20251006140550,20251006142458,20251006,
2025,fall,M3M-green,DJI_202510061401_013,surveys/2025_front_country/fall/data_collection/M3M-green/DCIM/DJI_202510061401_013/,1,20251006142500,20251006142500,20251006,
2025,fall,M3M-green,DJI_202510061428_014_20,surveys/2025_front_country/fall/data_collection/M3M-green/DCIM/DJI_202510061428_014_20/,699,20251006144035,20251006150359,20251006,
2025,fall,M3M-green,DJI_202510061506_015_20,surveys/2025_front_country/fall/data_collection/M3M-green/DCIM/DJI_202510061506_015_20/,197,20251006150806,20251006151441,20251006,
2025,fall,M3M-green,DJI_202510071045_016_2,surveys/2025_front_country/fall/data_collection/M3M-green/DCIM/DJI_202510071045_016_2/,667,20251007104901,20251007111122,20251007,
2025,fall,M3M-green,DJI_202510071113_017_2,surveys/2025_front_country/fall/data_collection/M3M-green/DCIM/DJI_202510071113_017_2/,675,20251007111605,20251007113842,20251007,
2025,fall,M3M-green,DJI_202510071141_018_2,surveys/2025_front_country/fall/data_collection/M3M-green/DCIM/DJI_202510071141_018_2/,454,20251007114438,20251007115950,20251007,
2025,fall,M3M-green,DJI_202510081109_001_11,surveys/2025_front_country/fall/data_collection/M3M-green/DCIM/DJI_202510081109_001_11/,376,20251008111600,20251008113202,20251008,
2025,fall,M3M-green,DJI_202510081109_002,surveys/2025_front_country/fall/data_collection/M3M-green/DCIM/DJI_202510081109_002/,1,20251008113204,20251008113204,20251008,
2025,fall,M3M-green,DJI_202510081135_003_11,surveys/2025_front_country/fall/data_collection/M3M-green/DCIM/DJI_202510081135_003_11/,477,20251008113938,20251008115733,20251008,
2025,fall,M3M-green,DJI_202510081201_004_11,surveys/2025_front_country/fall/data_collection/M3M-green/DCIM/DJI_202510081201_004_11/,434,20251008120638,20251008122259,20251008,
2025,fall,M3M-green,DJI_202510081227_005_11,surveys/2025_front_country/fall/data_collection/M3M-green/DCIM/DJI_202510081227_005_11/,521,20251008123256,20251008125227,20251008,
2025,fall,M3M-green,DJI_202510081227_006,surveys/2025_front_country/fall/data_collection/M3M-green/DCIM/DJI_202510081227_006/,1,20251008125230,20251008125230,20251008,
2025,fall,M3M-green,DJI_202510081254_007_11,surveys/2025_front_country/fall/data_collection/M3M-green/DCIM/DJI_202510081254_007_11/,447,20251008125652,20251008131349,20251008,
2025,fall,M3M-green,DJI_202510091258_008_9,surveys/2025_front_country/fall/data_collection/M3M-green/DCIM/DJI_202510091258_008_9/,502,20251009130102,20251009132215,20251009,
2025,fall,M3M-green,DJI_202510091258_009,surveys/2025_front_country/fall/data_collection/M3M-green/DCIM/DJI_202510091258_009/,1,20251009132218,20251009132218,20251009,
2025,fall,M3M-green,DJI_202510091326_010_9,surveys/2025_front_country/fall/data_collection/M3M-green/DCIM/DJI_202510091326_010_9/,490,20251009132828,20251009134729,20251009,
2025,fall,M3M-green,DJI_202510091349_011_9,surveys/2025_front_country/fall/data_collection/M3M-green/DCIM/DJI_202510091349_011_9/,597,20251009135136,20251009141400,20251009,
2025,fall,M3M-green,DJI_202510091416_012_9,surveys/2025_front_country/fall/data_collection/M3M-green/DCIM/DJI_202510091416_012_9/,450,20251009141953,20251009143725,20251009,
2025,fall,M3M-green,DJI_202510101256_013_8,surveys/2025_front_country/fall/data_collection/M3M-green/DCIM/DJI_202510101256_013_8/,505,20251010125917,20251010131612,20251010,
2025,fall,M3M-green,DJI_202510101319_014_8,surveys/2025_front_country/fall/data_collection/M3M-green/DCIM/DJI_202510101319_014_8/,527,20251010132156,20251010133935,20251010,
2025,fall,M3M-green,DJI_202510101319_015,surveys/2025_front_country/fall/data_collection/M3M-green/DCIM/DJI_202510101319_015/,1,20251010133936,20251010133936,20251010,
2025,fall,M3M-green,DJI_202510101343_016_8,surveys/2025_front_country/fall/data_collection/M3M-green/DCIM/DJI_202510101343_016_8/,606,20251010134511,20251010140600,20251010,
2025,fall,M3M-green,DJI_202510101343_017,surveys/2025_front_country/fall/data_collection/M3M-green/DCIM/DJI_202510101343_017/,1,20251010140602,20251010140602,20251010,
2025,fall,M3M-green,DJI_202510101408_018_8,surveys/2025_front_country/fall/data_collection/M3M-green/DCIM/DJI_202510101408_018_8/,371,20251010141045,20251010142310,20251010,
2025,fall,M3M-red,DJI_202510061135_002_19,surveys/2025_front_country/fall/data_collection/M3M-red/DCIM/DJI_202510061135_002_19/,423,20251006115054,20251006121139,20251006,
2025,fall,M3M-red,DJI_202510061135_003,surveys/2025_front_country/fall/data_collection/M3M-red/DCIM/DJI_202510061135_003/,1,20251006121142,20251006121142,20251006,
2025,fall,M3M-red,DJI_202510061228_004_19,surveys/2025_front_country/fall/data_collection/M3M-red/DCIM/DJI_202510061228_004_19/,406,20251006123302,20251006125303,20251006,
2025,fall,M3M-red,DJI_202510061228_005,surveys/2025_front_country/fall/data_collection/M3M-red/DCIM/DJI_202510061228_005/,1,20251006125307,20251006125307,20251006,
2025,fall,M3M-red,DJI_202510061255_006_19,surveys/2025_front_country/fall/data_collection/M3M-red/DCIM/DJI_202510061255_006_19/,458,20251006125809,20251006132027,20251006,
2025,fall,M3M-red,DJI_202510061324_007_19,surveys/2025_front_country/fall/data_collection/M3M-red/DCIM/DJI_202510061324_007_19/,109,20251006132812,20251006133319,20251006,
2025,fall,M3M-red,DJI_202510061337_008_17,surveys/2025_front_country/fall/data_collection/M3M-red/DCIM/DJI_202510061337_008_17/,336,20251006134512,20251006140159,20251006,
2025,fall,M3M-red,DJI_202510061337_009,surveys/2025_front_country/fall/data_collection/M3M-red/DCIM/DJI_202510061337_009/,1,20251006140201,20251006140201,20251006,
2025,fall,M3M-red,DJI_202510061407_010_17,surveys/2025_front_country/fall/data_collection/M3M-red/DCIM/DJI_202510061407_010_17/,345,20251006141254,20251006142955,20251006,
2025,fall,M3M-red,DJI_202510061407_011,surveys/2025_front_country/fall/data_collection/M3M-red/DCIM/DJI_202510061407_011/,1,20251006142957,20251006142957,20251006,
2025,fall,M3M-red,DJI_202510061435_012_17,surveys/2025_front_country/fall/data_collection/M3M-red/DCIM/DJI_202510061435_012_17/,426,20251006144145,20251006150250,20251006,
2025,fall,M3M-red,DJI_202510061507_013_17,surveys/2025_front_country/fall/data_collection/M3M-red/DCIM/DJI_202510061507_013_17/,155,20251006151153,20251006152051,20251006,
2025,fall,M3M-red,DJI_202510071111_003_5,surveys/2025_front_country/fall/data_collection/M3M-red/DCIM/DJI_202510071111_003_5/,687,20251007111650,20251007113951,20251007,
2025,fall,M3M-red,DJI_202510071143_004_5,surveys/2025_front_country/fall/data_collection/M3M-red/DCIM/DJI_202510071143_004_5/,744,20251007114740,20251007121235,20251007,
2025,fall,M3M-red,DJI_202510071215_005_5,surveys/2025_front_country/fall/data_collection/M3M-red/DCIM/DJI_202510071215_005_5/,372,20251007121809,20251007123036,20251007,
2025,fall,M3M-red,DJI_202510071241_006_5,surveys/2025_front_country/fall/data_collection/M3M-red/DCIM/DJI_202510071241_006_5/,610,20251007124439,20251007130505,20251007,
2025,fall,M3M-red,DJI_202510071329_007_1,surveys/2025_front_country/fall/data_collection/M3M-red/DCIM/DJI_202510071329_007_1/,681,20251007133339,20251007140010,20251007,
2025,fall,M3M-red,DJI_202510071329_008,surveys/2025_front_country/fall/data_collection/M3M-red/DCIM/DJI_202510071329_008/,1,20251007140011,20251007140011,20251007,
2025,fall,M3M-red,DJI_202510071402_009_1,surveys/2025_front_country/fall/data_collection/M3M-red/DCIM/DJI_202510071402_009_1/,696,20251007140513,20251007143049,20251007,
2025,fall,M3M-red,DJI_202510071402_010,surveys/2025_front_country/fall/data_collection/M3M-red/DCIM/DJI_202510071402_010/,1,20251007143051,20251007143051,20251007,
2025,fall,M3M-red,DJI_202510071433_011_1,surveys/2025_front_country/fall/data_collection/M3M-red/DCIM/DJI_202510071433_011_1/,90,20251007144050,20251007144354,20251007,
2025,fall,M3M-red,DJI_202510081103_014_7,surveys/2025_front_country/fall/data_collection/M3M-red/DCIM/DJI_202510081103_014_7/,341,20251008110756,20251008112406,20251008,
2025,fall,M3M-red,DJI_202510081103_015,surveys/2025_front_country/fall/data_collection/M3M-red/DCIM/DJI_202510081103_015/,1,20251008112409,20251008112409,20251008,
2025,fall,M3M-red,DJI_202510081127_016_7,surveys/2025_front_country/fall/data_collection/M3M-red/DCIM/DJI_202510081127_016_7/,416,20251008113035,20251008114957,20251008,
2025,fall,M3M-red,DJI_202510081127_017,surveys/2025_front_country/fall/data_collection/M3M-red/DCIM/DJI_202510081127_017/,1,20251008115000,20251008115000,20251008,
2025,fall,M3M-red,DJI_202510081153_018_7,surveys/2025_front_country/fall/data_collection/M3M-red/DCIM/DJI_202510081153_018_7/,58,20251008115630,20251008115912,20251008,
2025,fall,M3M-red,DJI_202510081404_019_18,surveys/2025_front_country/fall/data_collection/M3M-red/DCIM/DJI_202510081404_019_18/,535,20251008140810,20251008143324,20251008,
2025,fall,M3M-red,DJI_202510081404_020,surveys/2025_front_country/fall/data_collection/M3M-red/DCIM/DJI_202510081404_020/,1,20251008143326,20251008143326,20251008,
2025,fall,M3M-red,DJI_202510081437_021_18,surveys/2025_front_country/fall/data_collection/M3M-red/DCIM/DJI_202510081437_021_18/,458,20251008144050,20251008150259,20251008,
2025,fall,M3M-red,DJI_202510081507_022_18,surveys/2025_front_country/fall/data_collection/M3M-red/DCIM/DJI_202510081507_022_18/,55,20251008151118,20251008151345,20251008,
2025,fall,M3M-red,DJI_202510091049_023_13,surveys/2025_front_country/fall/data_collection/M3M-red/DCIM/DJI_202510091049_023_13/,539,20251009105248,20251009111902,20251009,
2025,fall,M3M-red,DJI_202510091049_024,surveys/2025_front_country/fall/data_collection/M3M-red/DCIM/DJI_202510091049_024/,1,20251009111904,20251009111904,20251009,
2025,fall,M3M-red,DJI_202510091121_025_13,surveys/2025_front_country/fall/data_collection/M3M-red/DCIM/DJI_202510091121_025_13/,297,20251009112352,20251009113816,20251009,
2025,fall,M3M-red,DJI_202510091256_026_10,surveys/2025_front_country/fall/data_collection/M3M-red/DCIM/DJI_202510091256_026_10/,462,20251009125943,20251009132135,20251009,
2025,fall,M3M-red,DJI_202510091256_027,surveys/2025_front_country/fall/data_collection/M3M-red/DCIM/DJI_202510091256_027/,1,20251009132138,20251009132138,20251009,
2025,fall,M3M-red,DJI_202510091325_028_10,surveys/2025_front_country/fall/data_collection/M3M-red/DCIM/DJI_202510091325_028_10/,479,20251009132846,20251009135117,20251009,
2025,fall,M3M-red,DJI_202510091355_029_10,surveys/2025_front_country/fall/data_collection/M3M-red/DCIM/DJI_202510091355_029_10/,453,20251009135852,20251009142028,20251009,
2025,fall,M3M-red,DJI_202510091424_030_10,surveys/2025_front_country/fall/data_collection/M3M-red/DCIM/DJI_202510091424_030_10/,315,20251009142847,20251009144341,20251009,
2025,fall,M3M-red,DJI_202510101252_031_4,surveys/2025_front_country/fall/data_collection/M3M-red/DCIM/DJI_202510101252_031_4/,376,20251010125622,20251010131428,20251010,
2025,fall,M3M-red,DJI_202510101318_032_4,surveys/2025_front_country/fall/data_collection/M3M-red/DCIM/DJI_202510101318_032_4/,337,20251010132207,20251010133805,20251010,
2025,fall,M3M-red,DJI_202510101318_033,surveys/2025_front_country/fall/data_collection/M3M-red/DCIM/DJI_202510101318_033/,1,20251010133807,20251010133807,20251010,
2025,fall,M3M-red,DJI_202510101341_034_4,surveys/2025_front_country/fall/data_collection/M3M-red/DCIM/DJI_202510101341_034_4/,354,20251010134528,20251010140211,20251010,
2025,fall,M3M-red,DJI_202510101341_035,surveys/2025_front_country/fall/data_collection/M3M-red/DCIM/DJI_202510101341_035/,1,20251010140214,20251010140214,20251010,
2025,fall,M3M-red,DJI_202510101406_036_4,surveys/2025_front_country/fall/data_collection/M3M-red/DCIM/DJI_202510101406_036_4/,354,20251010141027,20251010142712,20251010,
2025,fall,M3M-red,DJI_202510101406_037,surveys/2025_front_country/fall/data_collection/M3M-red/DCIM/DJI_202510101406_037/,1,20251010142715,20251010142715,20251010,
2025,fall,M3M-red,DJI_202510101430_038_4,surveys/2025_front_country/fall/data_collection/M3M-red/DCIM/DJI_202510101430_038_4/,119,20251010143305,20251010143836,20251010,
2026,spring,M3M-blue,DJI_202604271051_001_20,surveys/2026_front_country/spring/data_collection/M3M-blue/DCIM/DJI_202604271051_001_20/,569,20260427105630,20260427111541,20260427,
2026,spring,M3M-blue,DJI_202604271119_002_20,surveys/2026_front_country/spring/data_collection/M3M-blue/DCIM/DJI_202604271119_002_20/,620,20260427112311,20260427114406,20260427,
2026,spring,M3M-blue,DJI_202604271147_003_20,surveys/2026_front_country/spring/data_collection/M3M-blue/DCIM/DJI_202604271147_003_20/,270,20260427115100,20260427120001,20260427,
2026,spring,M3M-blue,DJI_202604271216_004_19,surveys/2026_front_country/spring/data_collection/M3M-blue/DCIM/DJI_202604271216_004_19/,552,20260427122502,20260427124522,20260427,
2026,spring,M3M-blue,DJI_202604271258_005_19,surveys/2026_front_country/spring/data_collection/M3M-blue/DCIM/DJI_202604271258_005_19/,562,20260427130221,20260427132313,20260427,
2026,spring,M3M-blue,DJI_202604271326_006_19,surveys/2026_front_country/spring/data_collection/M3M-blue/DCIM/DJI_202604271326_006_19/,487,20260427132855,20260427134732,20260427,
2026,spring,M3M-blue,DJI_202604271404_007_19,surveys/2026_front_country/spring/data_collection/M3M-blue/DCIM/DJI_202604271404_007_19/,254,20260427140727,20260427141557,20260427,
2026,spring,M3M-blue,DJI_202604281037_008_4,surveys/2026_front_country/spring/data_collection/M3M-blue/DCIM/DJI_202604281037_008_4/,510,20260428104314,20260428110133,20260428,
2026,spring,M3M-blue,DJI_202604281037_009,surveys/2026_front_country/spring/data_collection/M3M-blue/DCIM/DJI_202604281037_009/,1,20260428110135,20260428110135,20260428,
2026,spring,M3M-blue,DJI_202604281106_010_4,surveys/2026_front_country/spring/data_collection/M3M-blue/DCIM/DJI_202604281106_010_4/,562,20260428111027,20260428113020,20260428,
2026,spring,M3M-blue,DJI_202604281133_011_4,surveys/2026_front_country/spring/data_collection/M3M-blue/DCIM/DJI_202604281133_011_4/,509,20260428113723,20260428115834,20260428,
2026,spring,M3M-blue,DJI_202604281133_012,surveys/2026_front_country/spring/data_collection/M3M-blue/DCIM/DJI_202604281133_012/,1,20260428115836,20260428115836,20260428,
2026,spring,M3M-blue,DJI_202604281205_013_4,surveys/2026_front_country/spring/data_collection/M3M-blue/DCIM/DJI_202604281205_013_4/,342,20260428120912,20260428122140,20260428,
2026,spring,M3M-blue,DJI_202604281249_014_9,surveys/2026_front_country/spring/data_collection/M3M-blue/DCIM/DJI_202604281249_014_9/,662,20260428125154,20260428131405,20260428,
2026,spring,M3M-blue,DJI_202604281316_015_9,surveys/2026_front_country/spring/data_collection/M3M-blue/DCIM/DJI_202604281316_015_9/,443,20260428131953,20260428133443,20260428,
2026,spring,M3M-blue,DJI_202604281355_016_9,surveys/2026_front_country/spring/data_collection/M3M-blue/DCIM/DJI_202604281355_016_9/,655,20260428135817,20260428142014,20260428,
2026,spring,M3M-blue,DJI_202604281423_017_9,surveys/2026_front_country/spring/data_collection/M3M-blue/DCIM/DJI_202604281423_017_9/,446,20260428142635,20260428144131,20260428,
2026,spring,M3M-blue,DJI_202604281501_018_9,surveys/2026_front_country/spring/data_collection/M3M-blue/DCIM/DJI_202604281501_018_9/,199,20260428150454,20260428151204,20260428,
2026,spring,M3M-blue,DJI_202604301043_019_5,surveys/2026_front_country/spring/data_collection/M3M-blue/DCIM/DJI_202604301043_019_5/,558,20260430104845,20260430110726,20260430,
2026,spring,M3M-blue,DJI_202604301113_020_5,surveys/2026_front_country/spring/data_collection/M3M-blue/DCIM/DJI_202604301113_020_5/,622,20260430111708,20260430113758,20260430,
2026,spring,M3M-blue,DJI_202604301141_021_5,surveys/2026_front_country/spring/data_collection/M3M-blue/DCIM/DJI_202604301141_021_5/,640,20260430114512,20260430120731,20260430,
2026,spring,M3M-blue,DJI_202604301141_022,surveys/2026_front_country/spring/data_collection/M3M-blue/DCIM/DJI_202604301141_022/,1,20260430120733,20260430120733,20260430,
2026,spring,M3M-blue,DJI_202604301210_023_5,surveys/2026_front_country/spring/data_collection/M3M-blue/DCIM/DJI_202604301210_023_5/,600,20260430121416,20260430123421,20260430,
2026,spring,M3M-blue,DJI_202604301323_024_1,surveys/2026_front_country/spring/data_collection/M3M-blue/DCIM/DJI_202604301323_024_1/,600,20260430132732,20260430134956,20260430,
2026,spring,M3M-blue,DJI_202604301323_025,surveys/2026_front_country/spring/data_collection/M3M-blue/DCIM/DJI_202604301323_025/,1,20260430134959,20260430134959,20260430,
2026,spring,M3M-blue,DJI_202604301352_026_1,surveys/2026_front_country/spring/data_collection/M3M-blue/DCIM/DJI_202604301352_026_1/,639,20260430135425,20260430141825,20260430,
2026,spring,M3M-blue,DJI_202604301352_027,surveys/2026_front_country/spring/data_collection/M3M-blue/DCIM/DJI_202604301352_027/,1,20260430141827,20260430141827,20260430,
2026,spring,M3M-blue,DJI_202604301420_028_1,surveys/2026_front_country/spring/data_collection/M3M-blue/DCIM/DJI_202604301420_028_1/,243,20260430142211,20260430143057,20260430,
2026,spring,M3M-blue,DJI_202605011113_029_11,surveys/2026_front_country/spring/data_collection/M3M-blue/DCIM/DJI_202605011113_029_11/,445,20260501112002,20260501113643,20260501,
2026,spring,M3M-blue,DJI_202605011139_030_11,surveys/2026_front_country/spring/data_collection/M3M-blue/DCIM/DJI_202605011139_030_11/,523,20260501114326,20260501120318,20260501,
2026,spring,M3M-blue,DJI_202605011139_031,surveys/2026_front_country/spring/data_collection/M3M-blue/DCIM/DJI_202605011139_031/,1,20260501120321,20260501120321,20260501,
2026,spring,M3M-blue,DJI_202605011205_032_11,surveys/2026_front_country/spring/data_collection/M3M-blue/DCIM/DJI_202605011205_032_11/,497,20260501120749,20260501122638,20260501,
2026,spring,M3M-blue,DJI_202605011205_033,surveys/2026_front_country/spring/data_collection/M3M-blue/DCIM/DJI_202605011205_033/,1,20260501122641,20260501122641,20260501,
2026,spring,M3M-blue,DJI_202605011230_034_11,surveys/2026_front_country/spring/data_collection/M3M-blue/DCIM/DJI_202605011230_034_11/,446,20260501123655,20260501125334,20260501,
2026,spring,M3M-blue,DJI_202605011257_035_11,surveys/2026_front_country/spring/data_collection/M3M-blue/DCIM/DJI_202605011257_035_11/,300,20260501130242,20260501131351,20260501,
2026,spring,M3M-blue,DJI_202605021025_036_14,surveys/2026_front_country/spring/data_collection/M3M-blue/DCIM/DJI_202605021025_036_14/,578,20260502102932,20260502105031,20260502,
2026,spring,M3M-blue,DJI_202605021025_037,surveys/2026_front_country/spring/data_collection/M3M-blue/DCIM/DJI_202605021025_037/,1,20260502105033,20260502105033,20260502,
2026,spring,M3M-blue,DJI_202605021054_038_14,surveys/2026_front_country/spring/data_collection/M3M-blue/DCIM/DJI_202605021054_038_14/,564,20260502105826,20260502111815,20260502,
2026,spring,M3M-blue,DJI_202605021121_039_14,surveys/2026_front_country/spring/data_collection/M3M-blue/DCIM/DJI_202605021121_039_14/,523,20260502112455,20260502114340,20260502,
2026,spring,M3M-blue,DJI_202605021121_040,surveys/2026_front_country/spring/data_collection/M3M-blue/DCIM/DJI_202605021121_040/,1,20260502114342,20260502114342,20260502,
2026,spring,M3M-blue,DJI_202605021147_041_14,surveys/2026_front_country/spring/data_collection/M3M-blue/DCIM/DJI_202605021147_041_14/,269,20260502115053,20260502120211,20260502,
2026,spring,M3M-blue,DJI_202605021208_042_14,surveys/2026_front_country/spring/data_collection/M3M-blue/DCIM/DJI_202605021208_042_14/,244,20260502121102,20260502122000,20260502,
2026,spring,M3M-blue,mission_13_patch,surveys/2026_front_country/spring/data_collection/M3M-blue/DCIM/mission_13_patch/,201,20260502103228,20260502104005,20260502,surveys/2026_front_country/spring/data_collection/M3M-green/DCIM/DJI_202605021029_036_13/
2026,spring,M3M-green,DJI_202604271111_003_16,surveys/2026_front_country/spring/data_collection/M3M-green/DCIM/DJI_202604271111_003_16/,444,20260427111654,20260427113359,20260427,
2026,spring,M3M-green,DJI_202604271111_004,surveys/2026_front_country/spring/data_collection/M3M-green/DCIM/DJI_202604271111_004/,1,20260427113402,20260427113402,20260427,
2026,spring,M3M-green,DJI_202604271139_005_16,surveys/2026_front_country/spring/data_collection/M3M-green/DCIM/DJI_202604271139_005_16/,408,20260427114509,20260427120018,20260427,
2026,spring,M3M-green,DJI_202604271205_006_16,surveys/2026_front_country/spring/data_collection/M3M-green/DCIM/DJI_202604271205_006_16/,409,20260427121100,20260427122617,20260427,
2026,spring,M3M-green,DJI_202604271205_007,surveys/2026_front_country/spring/data_collection/M3M-green/DCIM/DJI_202604271205_007/,1,20260427122619,20260427122619,20260427,
2026,spring,M3M-green,DJI_202604271233_008_16,surveys/2026_front_country/spring/data_collection/M3M-green/DCIM/DJI_202604271233_008_16/,398,20260427123911,20260427125427,20260427,
2026,spring,M3M-green,DJI_202604271233_009,surveys/2026_front_country/spring/data_collection/M3M-green/DCIM/DJI_202604271233_009/,1,20260427125430,20260427125430,20260427,
2026,spring,M3M-green,DJI_202604271302_010_16,surveys/2026_front_country/spring/data_collection/M3M-green/DCIM/DJI_202604271302_010_16/,444,20260427130819,20260427132523,20260427,
2026,spring,M3M-green,DJI_202604281046_011_3,surveys/2026_front_country/spring/data_collection/M3M-green/DCIM/DJI_202604281046_011_3/,678,20260428104908,20260428111151,20260428,
2026,spring,M3M-green,DJI_202604281046_012,surveys/2026_front_country/spring/data_collection/M3M-green/DCIM/DJI_202604281046_012/,1,20260428111153,20260428111153,20260428,
2026,spring,M3M-green,DJI_202604281114_013_3,surveys/2026_front_country/spring/data_collection/M3M-green/DCIM/DJI_202604281114_013_3/,671,20260428111732,20260428114008,20260428,
2026,spring,M3M-green,DJI_202604281114_014,surveys/2026_front_country/spring/data_collection/M3M-green/DCIM/DJI_202604281114_014/,1,20260428114010,20260428114010,20260428,
2026,spring,M3M-green,DJI_202604281143_015_3,surveys/2026_front_country/spring/data_collection/M3M-green/DCIM/DJI_202604281143_015_3/,536,20260428114600,20260428120556,20260428,
2026,spring,M3M-green,DJI_202604281209_016_3,surveys/2026_front_country/spring/data_collection/M3M-green/DCIM/DJI_202604281209_016_3/,319,20260428121244,20260428122324,20260428,
2026,spring,M3M-green,DJI_202604291021_017_10,surveys/2026_front_country/spring/data_collection/M3M-green/DCIM/DJI_202604291021_017_10/,535,20260429103007,20260429104802,20260429,
2026,spring,M3M-green,DJI_202604291051_018_10,surveys/2026_front_country/spring/data_collection/M3M-green/DCIM/DJI_202604291051_018_10/,586,20260429105542,20260429111520,20260429,
2026,spring,M3M-green,DJI_202604291119_019_10,surveys/2026_front_country/spring/data_collection/M3M-green/DCIM/DJI_202604291119_019_10/,482,20260429112338,20260429114011,20260429,
2026,spring,M3M-green,DJI_202604291119_020,surveys/2026_front_country/spring/data_collection/M3M-green/DCIM/DJI_202604291119_020/,1,20260429114014,20260429114014,20260429,
2026,spring,M3M-green,DJI_202604291144_021_10,surveys/2026_front_country/spring/data_collection/M3M-green/DCIM/DJI_202604291144_021_10/,411,20260429114912,20260429120622,20260429,
2026,spring,M3M-green,DJI_202604291144_022,surveys/2026_front_country/spring/data_collection/M3M-green/DCIM/DJI_202604291144_022/,1,20260429120625,20260429120625,20260429,
2026,spring,M3M-green,DJI_202604291210_023_10,surveys/2026_front_country/spring/data_collection/M3M-green/DCIM/DJI_202604291210_023_10/,257,20260429121525,20260429122512,20260429,
2026,spring,M3M-green,DJI_202604301048_024_2,surveys/2026_front_country/spring/data_collection/M3M-green/DCIM/DJI_202604301048_024_2/,438,20260430105429,20260430111208,20260430,
2026,spring,M3M-green,DJI_202604301048_025,surveys/2026_front_country/spring/data_collection/M3M-green/DCIM/DJI_202604301048_025/,1,20260430111211,20260430111211,20260430,
2026,spring,M3M-green,DJI_202604301118_026_2,surveys/2026_front_country/spring/data_collection/M3M-green/DCIM/DJI_202604301118_026_2/,560,20260430112206,20260430114330,20260430,
2026,spring,M3M-green,DJI_202604301118_027,surveys/2026_front_country/spring/data_collection/M3M-green/DCIM/DJI_202604301118_027/,1,20260430114331,20260430114331,20260430,
2026,spring,M3M-green,DJI_202604301150_028_2,surveys/2026_front_country/spring/data_collection/M3M-green/DCIM/DJI_202604301150_028_2/,524,20260430115516,20260430121538,20260430,
2026,spring,M3M-green,DJI_202604301150_029,surveys/2026_front_country/spring/data_collection/M3M-green/DCIM/DJI_202604301150_029/,1,20260430121541,20260430121541,20260430,
2026,spring,M3M-green,DJI_202604301218_030_2,surveys/2026_front_country/spring/data_collection/M3M-green/DCIM/DJI_202604301218_030_2/,5,20260430122341,20260430122349,20260430,
2026,spring,M3M-green,DJI_202604301218_031_2,surveys/2026_front_country/spring/data_collection/M3M-green/DCIM/DJI_202604301218_031_2/,18,20260430122831,20260430122905,20260430,
2026,spring,M3M-green,DJI_202605011105_032_12,surveys/2026_front_country/spring/data_collection/M3M-green/DCIM/DJI_202605011105_032_12/,562,20260501110847,20260501112815,20260501,
2026,spring,M3M-green,DJI_202605011131_033_12,surveys/2026_front_country/spring/data_collection/M3M-green/DCIM/DJI_202605011131_033_12/,579,20260501113609,20260501115541,20260501,
2026,spring,M3M-green,DJI_202605011158_034_12,surveys/2026_front_country/spring/data_collection/M3M-green/DCIM/DJI_202605011158_034_12/,636,20260501120047,20260501122205,20260501,
2026,spring,M3M-green,DJI_202605011224_035_12,surveys/2026_front_country/spring/data_collection/M3M-green/DCIM/DJI_202605011224_035_12/,71,20260501122759,20260501123020,20260501,
2026,spring,M3M-green,DJI_202605021029_036_13,surveys/2026_front_country/spring/data_collection/M3M-green/DCIM/DJI_202605021029_036_13/,699,20260502103224,20260502105551,20260502,
2026,spring,M3M-green,DJI_202605021057_037_13,surveys/2026_front_country/spring/data_collection/M3M-green/DCIM/DJI_202605021057_037_13/,457,20260502110011,20260502111726,20260502,
2026,spring,M3M-green,DJI_202605021247_038_18,surveys/2026_front_country/spring/data_collection/M3M-green/DCIM/DJI_202605021247_038_18/,482,20260502125213,20260502131103,20260502,
2026,spring,M3M-green,DJI_202605021314_039_18,surveys/2026_front_country/spring/data_collection/M3M-green/DCIM/DJI_202605021314_039_18/,496,20260502131757,20260502133719,20260502,
2026,spring,M3M-green,DJI_202605021340_040_18,surveys/2026_front_country/spring/data_collection/M3M-green/DCIM/DJI_202605021340_040_18/,255,20260502134429,20260502135615,20260502,
2026,spring,M3M-red,DJI_202604271127_001_17,surveys/2026_front_country/spring/data_collection/M3M-red/DCIM/DJI_202604271127_001_17/,290,20260427113613,20260427115055,20260427,
2026,spring,M3M-red,DJI_202604271127_002,surveys/2026_front_country/spring/data_collection/M3M-red/DCIM/DJI_202604271127_002/,1,20260427115059,20260427115059,20260427,
2026,spring,M3M-red,DJI_202604271156_003_17,surveys/2026_front_country/spring/data_collection/M3M-red/DCIM/DJI_202604271156_003_17/,378,20260427120119,20260427122026,20260427,
2026,spring,M3M-red,DJI_202604271156_004,surveys/2026_front_country/spring/data_collection/M3M-red/DCIM/DJI_202604271156_004/,1,20260427122029,20260427122029,20260427,
2026,spring,M3M-red,DJI_202604271226_005_17,surveys/2026_front_country/spring/data_collection/M3M-red/DCIM/DJI_202604271226_005_17/,265,20260427123138,20260427124448,20260427,
2026,spring,M3M-red,DJI_202604271259_006_17,surveys/2026_front_country/spring/data_collection/M3M-red/DCIM/DJI_202604271259_006_17/,292,20260427130554,20260427132020,20260427,
2026,spring,M3M-red,DJI_202604271259_007,surveys/2026_front_country/spring/data_collection/M3M-red/DCIM/DJI_202604271259_007/,1,20260427132023,20260427132023,20260427,
2026,spring,M3M-red,DJI_202604281055_009_8,surveys/2026_front_country/spring/data_collection/M3M-red/DCIM/DJI_202604281055_009_8/,406,20260428110403,20260428112334,20260428,
2026,spring,M3M-red,DJI_202604281125_011_8,surveys/2026_front_country/spring/data_collection/M3M-red/DCIM/DJI_202604281125_011_8/,584,20260428112819,20260428115621,20260428,
2026,spring,M3M-red,DJI_202604281125_012,surveys/2026_front_country/spring/data_collection/M3M-red/DCIM/DJI_202604281125_012/,1,20260428115623,20260428115623,20260428,
2026,spring,M3M-red,DJI_202604281158_013_8,surveys/2026_front_country/spring/data_collection/M3M-red/DCIM/DJI_202604281158_013_8/,418,20260428120015,20260428122334,20260428,
2026,spring,M3M-red,DJI_202604301048_014_6,surveys/2026_front_country/spring/data_collection/M3M-red/DCIM/DJI_202604301048_014_6/,284,20260430105349,20260430110825,20260430,
2026,spring,M3M-red,DJI_202604301048_015,surveys/2026_front_country/spring/data_collection/M3M-red/DCIM/DJI_202604301048_015/,1,20260430110828,20260430110828,20260430,
2026,spring,M3M-red,DJI_202604301111_016_6,surveys/2026_front_country/spring/data_collection/M3M-red/DCIM/DJI_202604301111_016_6/,475,20260430111453,20260430113929,20260430,
2026,spring,M3M-red,DJI_202604301142_017_6,surveys/2026_front_country/spring/data_collection/M3M-red/DCIM/DJI_202604301142_017_6/,409,20260430114528,20260430120805,20260430,
2026,spring,M3M-red,DJI_202604301142_018,surveys/2026_front_country/spring/data_collection/M3M-red/DCIM/DJI_202604301142_018/,1,20260430120808,20260430120808,20260430,
2026,spring,M3M-red,DJI_202604301211_019_6,surveys/2026_front_country/spring/data_collection/M3M-red/DCIM/DJI_202604301211_019_6/,353,20260430121409,20260430123232,20260430,
2026,spring,M3M-red,DJI_202604301318_020_0,surveys/2026_front_country/spring/data_collection/M3M-red/DCIM/DJI_202604301318_020_0/,358,20260430132540,20260430134444,20260430,
2026,spring,M3M-red,DJI_202604301318_021,surveys/2026_front_country/spring/data_collection/M3M-red/DCIM/DJI_202604301318_021/,1,20260430134447,20260430134447,20260430,
2026,spring,M3M-red,DJI_202604301348_022_0,surveys/2026_front_country/spring/data_collection/M3M-red/DCIM/DJI_202604301348_022_0/,195,20260430135112,20260430140053,20260430,
2026,spring,M3M-red,DJI_202605011134_023_7,surveys/2026_front_country/spring/data_collection/M3M-red/DCIM/DJI_202605011134_023_7/,405,20260501113930,20260501120052,20260501,
2026,spring,M3M-red,DJI_202605011203_024_7,surveys/2026_front_country/spring/data_collection/M3M-red/DCIM/DJI_202605011203_024_7/,279,20260501120533,20260501121945,20260501,
2026,spring,M3M-red,DJI_202605021242_025_15,surveys/2026_front_country/spring/data_collection/M3M-red/DCIM/DJI_202605021242_025_15/,41,20260502124633,20260502124819,20260502,
2026,spring,M3M-red,DJI_202605021242_026_15,surveys/2026_front_country/spring/data_collection/M3M-red/DCIM/DJI_202605021242_026_15/,386,20260502125056,20260502130927,20260502,
2026,spring,M3M-red,DJI_202605021242_027,surveys/2026_front_country/spring/data_collection/M3M-red/DCIM/DJI_202605021242_027/,1,20260502130930,20260502130930,20260502,
2026,spring,M3M-red,DJI_202605021311_028_15,surveys/2026_front_country/spring/data_collection/M3M-red/DCIM/DJI_202605021311_028_15/,535,20260502131345,20260502133945,20260502,
2026,spring,M3M-red,DJI_202605021311_029,surveys/2026_front_country/spring/data_collection/M3M-red/DCIM/DJI_202605021311_029/,1,20260502133948,20260502133948,20260502,
2026,spring,M3M-red,DJI_202605021341_030_15,surveys/2026_front_country/spring/data_collection/M3M-red/DCIM/DJI_202605021341_030_15/,457,20260502134344,20260502140543,20260502,
2026,spring,M3M-red,DJI_202605021341_031,surveys/2026_front_country/spring/data_collection/M3M-red/DCIM/DJI_202605021341_031/,1,20260502140546,20260502140546,20260502,
2026,spring,M3M-red,DJI_202605021408_032_15,surveys/2026_front_country/spring/data_collection/M3M-red/DCIM/DJI_202605021408_032_15/,273,20260502141226,20260502142520,20260502,
2026,summer,M3M-blue,DJI_202606221018_001_19,surveys/2026_front_country/summer/data_collection/M3M-blue/DCIM/DJI_202606221018_001_19/,692,20260622102110,20260622104421,20260622,
2026,summer,M3M-blue,DJI_202606221045_002_19,surveys/2026_front_country/summer/data_collection/M3M-blue/DCIM/DJI_202606221045_002_19/,676,20260622104729,20260622111009,20260622,
2026,summer,M3M-blue,DJI_202606221045_003,surveys/2026_front_country/summer/data_collection/M3M-blue/DCIM/DJI_202606221045_003/,1,20260622111011,20260622111011,20260622,
2026,summer,M3M-blue,DJI_202606221121_004_19,surveys/2026_front_country/summer/data_collection/M3M-blue/DCIM/DJI_202606221121_004_19/,473,20260622112452,20260622114127,20260622,
2026,summer,M3M-blue,DJI_202606221121_005_19,surveys/2026_front_country/summer/data_collection/M3M-blue/DCIM/DJI_202606221121_005_19/,2,20260622114351,20260622114353,20260622,
2026,summer,M3M-blue,DJI_202606221148_006_19,surveys/2026_front_country/summer/data_collection/M3M-blue/DCIM/DJI_202606221148_006_19/,175,20260622115123,20260622115712,20260622,
2026,summer,M3M-blue,DJI_202606221202_007_20,surveys/2026_front_country/summer/data_collection/M3M-blue/DCIM/DJI_202606221202_007_20/,539,20260622120646,20260622122459,20260622,
2026,summer,M3M-blue,DJI_202606221228_008_20,surveys/2026_front_country/summer/data_collection/M3M-blue/DCIM/DJI_202606221228_008_20/,617,20260622123201,20260622125249,20260622,
2026,summer,M3M-blue,DJI_202606221255_009_20,surveys/2026_front_country/summer/data_collection/M3M-blue/DCIM/DJI_202606221255_009_20/,538,20260622125955,20260622131804,20260622,
2026,summer,M3M-blue,DJI_202606221320_010_20,surveys/2026_front_country/summer/data_collection/M3M-blue/DCIM/DJI_202606221320_010_20/,621,20260622132413,20260622134508,20260622,
2026,summer,M3M-blue,DJI_202606221507_011_20,surveys/2026_front_country/summer/data_collection/M3M-blue/DCIM/DJI_202606221507_011_20/,302,20260622151011,20260622152017,20260622,
2026,summer,M3M-blue,DJI_202606231033_001_5,surveys/2026_front_country/summer/data_collection/M3M-blue/DCIM/DJI_202606231033_001_5/,567,20260623103843,20260623105743,20260623,
2026,summer,M3M-blue,DJI_202606231033_002,surveys/2026_front_country/summer/data_collection/M3M-blue/DCIM/DJI_202606231033_002/,1,20260623105745,20260623105745,20260623,
2026,summer,M3M-blue,DJI_202606231101_003_5,surveys/2026_front_country/summer/data_collection/M3M-blue/DCIM/DJI_202606231101_003_5/,548,20260623110704,20260623112746,20260623,
2026,summer,M3M-blue,DJI_202606231130_004_5,surveys/2026_front_country/summer/data_collection/M3M-blue/DCIM/DJI_202606231130_004_5/,563,20260623113415,20260623115655,20260623,
2026,summer,M3M-blue,DJI_202606231130_005,surveys/2026_front_country/summer/data_collection/M3M-blue/DCIM/DJI_202606231130_005/,1,20260623115657,20260623115657,20260623,
2026,summer,M3M-blue,DJI_202606231200_006_5,surveys/2026_front_country/summer/data_collection/M3M-blue/DCIM/DJI_202606231200_006_5/,503,20260623120333,20260623122255,20260623,
2026,summer,M3M-blue,DJI_202606231200_007,surveys/2026_front_country/summer/data_collection/M3M-blue/DCIM/DJI_202606231200_007/,1,20260623122258,20260623122258,20260623,
2026,summer,M3M-blue,DJI_202606231226_008_5,surveys/2026_front_country/summer/data_collection/M3M-blue/DCIM/DJI_202606231226_008_5/,21,20260623122909,20260623122954,20260623,
2026,summer,M3M-blue,DJI_202606231301_009_1,surveys/2026_front_country/summer/data_collection/M3M-blue/DCIM/DJI_202606231301_009_1/,658,20260623130500,20260623133047,20260623,
2026,summer,M3M-blue,DJI_202606231301_010,surveys/2026_front_country/summer/data_collection/M3M-blue/DCIM/DJI_202606231301_010/,1,20260623133049,20260623133049,20260623,
2026,summer,M3M-blue,DJI_202606231334_011_1,surveys/2026_front_country/summer/data_collection/M3M-blue/DCIM/DJI_202606231334_011_1/,558,20260623133600,20260623135938,20260623,
2026,summer,M3M-blue,DJI_202606231334_012,surveys/2026_front_country/summer/data_collection/M3M-blue/DCIM/DJI_202606231334_012/,1,20260623135941,20260623135941,20260623,
2026,summer,M3M-blue,DJI_202606231401_013_1,surveys/2026_front_country/summer/data_collection/M3M-blue/DCIM/DJI_202606231401_013_1/,163,20260623140306,20260623140850,20260623,
2026,summer,M3M-blue,DJI_202606241101_014_7,surveys/2026_front_country/summer/data_collection/M3M-blue/DCIM/DJI_202606241101_014_7/,593,20260624110454,20260624112453,20260624,
2026,summer,M3M-blue,DJI_202606241127_015_7,surveys/2026_front_country/summer/data_collection/M3M-blue/DCIM/DJI_202606241127_015_7/,473,20260624112924,20260624114514,20260624,
2026,summer,M3M-blue,DJI_202606251021_017_15,surveys/2026_front_country/summer/data_collection/M3M-blue/DCIM/DJI_202606251021_017_15/,550,20260625102545,20260625104410,20260625,
2026,summer,M3M-blue,DJI_202606251047_018_15,surveys/2026_front_country/summer/data_collection/M3M-blue/DCIM/DJI_202606251047_018_15/,676,20260625104938,20260625111216,20260625,
2026,summer,M3M-blue,DJI_202606251114_019_15,surveys/2026_front_country/summer/data_collection/M3M-blue/DCIM/DJI_202606251114_019_15/,661,20260625111614,20260625113825,20260625,
2026,summer,M3M-blue,DJI_202606251114_020,surveys/2026_front_country/summer/data_collection/M3M-blue/DCIM/DJI_202606251114_020/,1,20260625113827,20260625113827,20260625,
2026,summer,M3M-blue,DJI_202606251141_021_15,surveys/2026_front_country/summer/data_collection/M3M-blue/DCIM/DJI_202606251141_021_15/,530,20260625114448,20260625120233,20260625,
2026,summer,M3M-blue,DJI_202606261052_001_9,surveys/2026_front_country/summer/data_collection/M3M-blue/DCIM/DJI_202606261052_001_9/,350,20260626105637,20260626110820,20260626,
2026,summer,M3M-blue,DJI_202606300845_002_9,surveys/2026_front_country/summer/data_collection/M3M-blue/DCIM/DJI_202606300845_002_9/,654,20260630084911,20260630091106,20260630,
2026,summer,M3M-blue,DJI_202606300913_003_9,surveys/2026_front_country/summer/data_collection/M3M-blue/DCIM/DJI_202606300913_003_9/,559,20260630091731,20260630093815,20260630,
2026,summer,M3M-blue,DJI_202606300913_004,surveys/2026_front_country/summer/data_collection/M3M-blue/DCIM/DJI_202606300913_004/,1,20260630093818,20260630093818,20260630,
2026,summer,M3M-blue,DJI_202606300940_005_9,surveys/2026_front_country/summer/data_collection/M3M-blue/DCIM/DJI_202606300940_005_9/,551,20260630094300,20260630100319,20260630,
2026,summer,M3M-blue,DJI_202606300940_006,surveys/2026_front_country/summer/data_collection/M3M-blue/DCIM/DJI_202606300940_006/,1,20260630100321,20260630100321,20260630,
2026,summer,M3M-blue,DJI_202606301005_007_9,surveys/2026_front_country/summer/data_collection/M3M-blue/DCIM/DJI_202606301005_007_9/,453,20260630101048,20260630102958,20260630,
2026,summer,M3M-green,DJI_202606221013_001_16,surveys/2026_front_country/summer/data_collection/M3M-green/DCIM/DJI_202606221013_001_16/,474,20260622101825,20260622103418,20260622,
2026,summer,M3M-green,DJI_202606221038_002_16,surveys/2026_front_country/summer/data_collection/M3M-green/DCIM/DJI_202606221038_002_16/,493,20260622104256,20260622105926,20260622,
2026,summer,M3M-green,DJI_202606221104_003_16,surveys/2026_front_country/summer/data_collection/M3M-green/DCIM/DJI_202606221104_003_16/,309,20260622110948,20260622112548,20260622,
2026,summer,M3M-green,DJI_202606221130_004_16,surveys/2026_front_country/summer/data_collection/M3M-green/DCIM/DJI_202606221130_004_16/,474,20260622113635,20260622115227,20260622,
2026,summer,M3M-green,DJI_202606221130_005,surveys/2026_front_country/summer/data_collection/M3M-green/DCIM/DJI_202606221130_005/,1,20260622115229,20260622115229,20260622,
2026,summer,M3M-green,DJI_202606221159_006_16,surveys/2026_front_country/summer/data_collection/M3M-green/DCIM/DJI_202606221159_006_16/,466,20260622120442,20260622122017,20260622,
2026,summer,M3M-green,DJI_202606221225_007_16,surveys/2026_front_country/summer/data_collection/M3M-green/DCIM/DJI_202606221225_007_16/,176,20260622122959,20260622123551,20260622,
2026,summer,M3M-green,DJI_202606231039_001_6,surveys/2026_front_country/summer/data_collection/M3M-green/DCIM/DJI_202606231039_001_6/,617,20260623104347,20260623110433,20260623,
2026,summer,M3M-green,DJI_202606231039_002,surveys/2026_front_country/summer/data_collection/M3M-green/DCIM/DJI_202606231039_002/,1,20260623110435,20260623110435,20260623,
2026,summer,M3M-green,DJI_202606231107_003_6,surveys/2026_front_country/summer/data_collection/M3M-green/DCIM/DJI_202606231107_003_6/,613,20260623111106,20260623113223,20260623,
2026,summer,M3M-green,DJI_202606231135_004_6,surveys/2026_front_country/summer/data_collection/M3M-green/DCIM/DJI_202606231135_004_6/,620,20260623113803,20260623115956,20260623,
2026,summer,M3M-green,DJI_202606231203_005_6,surveys/2026_front_country/summer/data_collection/M3M-green/DCIM/DJI_202606231203_005_6/,483,20260623120555,20260623122229,20260623,
2026,summer,M3M-green,DJI_202606231304_006_0,surveys/2026_front_country/summer/data_collection/M3M-green/DCIM/DJI_202606231304_006_0/,596,20260623130949,20260623132940,20260623,
2026,summer,M3M-green,DJI_202606231332_007_0,surveys/2026_front_country/summer/data_collection/M3M-green/DCIM/DJI_202606231332_007_0/,282,20260623133601,20260623134523,20260623,
2026,summer,M3M-green,DJI_202606241105_008_11,surveys/2026_front_country/summer/data_collection/M3M-green/DCIM/DJI_202606241105_008_11/,603,20260624110902,20260624112914,20260624,
2026,summer,M3M-green,DJI_202606241131_009_11,surveys/2026_front_country/summer/data_collection/M3M-green/DCIM/DJI_202606241131_009_11/,507,20260624113348,20260624115338,20260624,
2026,summer,M3M-green,DJI_202606241157_010_11,surveys/2026_front_country/summer/data_collection/M3M-green/DCIM/DJI_202606241157_010_11/,491,20260624120034,20260624121701,20260624,
2026,summer,M3M-green,DJI_202606241220_011_11,surveys/2026_front_country/summer/data_collection/M3M-green/DCIM/DJI_202606241220_011_11/,465,20260624122457,20260624124040,20260624,
2026,summer,M3M-green,DJI_202606241244_012_11,surveys/2026_front_country/summer/data_collection/M3M-green/DCIM/DJI_202606241244_012_11/,396,20260624124758,20260624130113,20260624,
2026,summer,M3M-green,DJI_202606251122_013_14,surveys/2026_front_country/summer/data_collection/M3M-green/DCIM/DJI_202606251122_013_14/,592,20260625112730,20260625114720,20260625,
2026,summer,M3M-green,DJI_202606251151_014_14,surveys/2026_front_country/summer/data_collection/M3M-green/DCIM/DJI_202606251151_014_14/,227,20260625115501,20260625120236,20260625,
2026,summer,M3M-green,DJI_202606251226_015_14,surveys/2026_front_country/summer/data_collection/M3M-green/DCIM/DJI_202606251226_015_14/,69,20260625122900,20260625123117,20260625,
2026,summer,M3M-green,DJI_202606251239_016_14,surveys/2026_front_country/summer/data_collection/M3M-green/DCIM/DJI_202606251239_016_14/,309,20260625124258,20260625125318,20260625,
2026,summer,M3M-green,DJI_202606251255_017_14,surveys/2026_front_country/summer/data_collection/M3M-green/DCIM/DJI_202606251255_017_14/,639,20260625125852,20260625132019,20260625,
2026,summer,M3M-green,DJI_202606251255_018,surveys/2026_front_country/summer/data_collection/M3M-green/DCIM/DJI_202606251255_018/,1,20260625132022,20260625132022,20260625,
2026,summer,M3M-green,DJI_202606251323_019_14,surveys/2026_front_country/summer/data_collection/M3M-green/DCIM/DJI_202606251323_019_14/,522,20260625132705,20260625134624,20260625,
2026,summer,M3M-green,DJI_202606261057_001_4,surveys/2026_front_country/summer/data_collection/M3M-green/DCIM/DJI_202606261057_001_4/,200,20260626110121,20260626110801,20260626,
2026,summer,M3M-green,DJI_202606300849_002_4,surveys/2026_front_country/summer/data_collection/M3M-green/DCIM/DJI_202606300849_002_4/,547,20260630085343,20260630091202,20260630,
2026,summer,M3M-green,DJI_202606300916_003_4,surveys/2026_front_country/summer/data_collection/M3M-green/DCIM/DJI_202606300916_003_4/,500,20260630092208,20260630093852,20260630,
2026,summer,M3M-green,DJI_202606300942_004_4,surveys/2026_front_country/summer/data_collection/M3M-green/DCIM/DJI_202606300942_004_4/,485,20260630094753,20260630100409,20260630,
2026,summer,M3M-green,DJI_202606300942_005,surveys/2026_front_country/summer/data_collection/M3M-green/DCIM/DJI_202606300942_005/,1,20260630100411,20260630100411,20260630,
2026,summer,M3M-green,DJI_202606301009_006_4,surveys/2026_front_country/summer/data_collection/M3M-green/DCIM/DJI_202606301009_006_4/,566,20260630101419,20260630103329,20260630,
2026,summer,M3M-green,DJI_202606301009_007,surveys/2026_front_country/summer/data_collection/M3M-green/DCIM/DJI_202606301009_007/,1,20260630103331,20260630103331,20260630,
2026,summer,M3M-green,DJI_202606301036_008_4,surveys/2026_front_country/summer/data_collection/M3M-green/DCIM/DJI_202606301036_008_4/,72,20260630103936,20260630104158,20260630,
2026,summer,M3M-green,DJI_202607010952_009_3,surveys/2026_front_country/summer/data_collection/M3M-green/DCIM/DJI_202607010952_009_3/,605,20260701095501,20260701101516,20260701,
2026,summer,M3M-green,DJI_202607011018_010_3,surveys/2026_front_country/summer/data_collection/M3M-green/DCIM/DJI_202607011018_010_3/,616,20260701102225,20260701104303,20260701,
2026,summer,M3M-green,DJI_202607011018_011,surveys/2026_front_country/summer/data_collection/M3M-green/DCIM/DJI_202607011018_011/,1,20260701104305,20260701104305,20260701,
2026,summer,M3M-green,DJI_202607011047_012_3,surveys/2026_front_country/summer/data_collection/M3M-green/DCIM/DJI_202607011047_012_3/,523,20260701105126,20260701110913,20260701,
2026,summer,M3M-green,DJI_202607011047_013,surveys/2026_front_country/summer/data_collection/M3M-green/DCIM/DJI_202607011047_013/,1,20260701110916,20260701110916,20260701,
2026,summer,M3M-green,DJI_202607011113_014_3,surveys/2026_front_country/summer/data_collection/M3M-green/DCIM/DJI_202607011113_014_3/,455,20260701111704,20260701113218,20260701,
2026,summer,M3M-red,DJI_202606221004_001_17,surveys/2026_front_country/summer/data_collection/M3M-red/DCIM/DJI_202606221004_001_17/,312,20260622101034,20260622102559,20260622,
2026,summer,M3M-red,DJI_202606221004_002,surveys/2026_front_country/summer/data_collection/M3M-red/DCIM/DJI_202606221004_002/,1,20260622102602,20260622102602,20260622,
2026,summer,M3M-red,DJI_202606221031_003_17,surveys/2026_front_country/summer/data_collection/M3M-red/DCIM/DJI_202606221031_003_17/,370,20260622103643,20260622105546,20260622,
2026,summer,M3M-red,DJI_202606221031_004,surveys/2026_front_country/summer/data_collection/M3M-red/DCIM/DJI_202606221031_004/,1,20260622105549,20260622105549,20260622,
2026,summer,M3M-red,DJI_202606221102_005_17,surveys/2026_front_country/summer/data_collection/M3M-red/DCIM/DJI_202606221102_005_17/,242,20260622110944,20260622112540,20260622,
2026,summer,M3M-red,DJI_202606221102_006,surveys/2026_front_country/summer/data_collection/M3M-red/DCIM/DJI_202606221102_006/,1,20260622112542,20260622112542,20260622,
2026,summer,M3M-red,DJI_202606221132_007_17,surveys/2026_front_country/summer/data_collection/M3M-red/DCIM/DJI_202606221132_007_17/,299,20260622113809,20260622115226,20260622,
2026,summer,M3M-red,DJI_202606221132_008,surveys/2026_front_country/summer/data_collection/M3M-red/DCIM/DJI_202606221132_008/,1,20260622115229,20260622115229,20260622,
2026,summer,M3M-red,DJI_202606221158_009_17,surveys/2026_front_country/summer/data_collection/M3M-red/DCIM/DJI_202606221158_009_17/,44,20260622120248,20260622120449,20260622,
2026,summer,M3M-red,DJI_202606231022_001_2,surveys/2026_front_country/summer/data_collection/M3M-red/DCIM/DJI_202606231022_001_2/,421,20260623102723,20260623104832,20260623,
2026,summer,M3M-red,DJI_202606231022_002,surveys/2026_front_country/summer/data_collection/M3M-red/DCIM/DJI_202606231022_002/,1,20260623104835,20260623104835,20260623,
2026,summer,M3M-red,DJI_202606231051_003_2,surveys/2026_front_country/summer/data_collection/M3M-red/DCIM/DJI_202606231051_003_2/,398,20260623105858,20260623111905,20260623,
2026,summer,M3M-red,DJI_202606231051_004,surveys/2026_front_country/summer/data_collection/M3M-red/DCIM/DJI_202606231051_004/,1,20260623111909,20260623111909,20260623,
2026,summer,M3M-red,DJI_202606231124_005_2,surveys/2026_front_country/summer/data_collection/M3M-red/DCIM/DJI_202606231124_005_2/,333,20260623112934,20260623114819,20260623,
2026,summer,M3M-red,DJI_202606241108_006_12,surveys/2026_front_country/summer/data_collection/M3M-red/DCIM/DJI_202606241108_006_12/,481,20260624111414,20260624113810,20260624,
2026,summer,M3M-red,DJI_202606241108_007,surveys/2026_front_country/summer/data_collection/M3M-red/DCIM/DJI_202606241108_007/,1,20260624113813,20260624113813,20260624,
2026,summer,M3M-red,DJI_202606241140_008_12,surveys/2026_front_country/summer/data_collection/M3M-red/DCIM/DJI_202606241140_008_12/,472,20260624114244,20260624120636,20260624,
2026,summer,M3M-red,DJI_202606241140_009,surveys/2026_front_country/summer/data_collection/M3M-red/DCIM/DJI_202606241140_009/,1,20260624120639,20260624120639,20260624,
2026,summer,M3M-red,DJI_202606241210_010_12,surveys/2026_front_country/summer/data_collection/M3M-red/DCIM/DJI_202606241210_010_12/,284,20260624121430,20260624122805,20260624,
2026,summer,M3M-red,DJI_202606250959_011_18,surveys/2026_front_country/summer/data_collection/M3M-red/DCIM/DJI_202606250959_011_18/,430,20260625100218,20260625102311,20260625,
2026,summer,M3M-red,DJI_202606250959_012,surveys/2026_front_country/summer/data_collection/M3M-red/DCIM/DJI_202606250959_012/,1,20260625102314,20260625102314,20260625,
2026,summer,M3M-red,DJI_202606251026_013_18,surveys/2026_front_country/summer/data_collection/M3M-red/DCIM/DJI_202606251026_013_18/,476,20260625102852,20260625105226,20260625,
2026,summer,M3M-red,DJI_202606251056_014_18,surveys/2026_front_country/summer/data_collection/M3M-red/DCIM/DJI_202606251056_014_18/,91,20260625110014,20260625110541,20260625,
2026,summer,M3M-red,DJI_202606251241_015_13,surveys/2026_front_country/summer/data_collection/M3M-red/DCIM/DJI_202606251241_015_13/,500,20260625124419,20260625130821,20260625,
2026,summer,M3M-red,DJI_202606251311_016_13,surveys/2026_front_country/summer/data_collection/M3M-red/DCIM/DJI_202606251311_016_13/,315,20260625131427,20260625133418,20260625,
2026,summer,M3M-red,DJI_202606261048_001_10,surveys/2026_front_country/summer/data_collection/M3M-red/DCIM/DJI_202606261048_001_10/,271,20260626105514,20260626110808,20260626,
2026,summer,M3M-red,DJI_202606261048_002,surveys/2026_front_country/summer/data_collection/M3M-red/DCIM/DJI_202606261048_002/,1,20260626110811,20260626110811,20260626,
2026,summer,M3M-red,DJI_202606300842_003_10,surveys/2026_front_country/summer/data_collection/M3M-red/DCIM/DJI_202606300842_003_10/,345,20260630084747,20260630090448,20260630,
2026,summer,M3M-red,DJI_202606300842_004,surveys/2026_front_country/summer/data_collection/M3M-red/DCIM/DJI_202606300842_004/,1,20260630090451,20260630090451,20260630,
2026,summer,M3M-red,DJI_202606300908_005_10,surveys/2026_front_country/summer/data_collection/M3M-red/DCIM/DJI_202606300908_005_10/,335,20260630091253,20260630092949,20260630,
2026,summer,M3M-red,DJI_202606300908_006,surveys/2026_front_country/summer/data_collection/M3M-red/DCIM/DJI_202606300908_006/,1,20260630092952,20260630092952,20260630,
2026,summer,M3M-red,DJI_202606300933_007_10,surveys/2026_front_country/summer/data_collection/M3M-red/DCIM/DJI_202606300933_007_10/,352,20260630093743,20260630095524,20260630,
2026,summer,M3M-red,DJI_202606300933_008,surveys/2026_front_country/summer/data_collection/M3M-red/DCIM/DJI_202606300933_008/,1,20260630095528,20260630095528,20260630,
2026,summer,M3M-red,DJI_202606300959_009_10,surveys/2026_front_country/summer/data_collection/M3M-red/DCIM/DJI_202606300959_009_10/,294,20260630100317,20260630102236,20260630,
2026,summer,M3M-red,DJI_202606301025_010_10,surveys/2026_front_country/summer/data_collection/M3M-red/DCIM/DJI_202606301025_010_10/,315,20260630102943,20260630104510,20260630,
2026,summer,M3M-red,DJI_202607010956_011_8,surveys/2026_front_country/summer/data_collection/M3M-red/DCIM/DJI_202607010956_011_8/,527,20260701095836,20260701102524,20260701,
2026,summer,M3M-red,DJI_202607010956_012,surveys/2026_front_country/summer/data_collection/M3M-red/DCIM/DJI_202607010956_012/,1,20260701102528,20260701102528,20260701,
2026,summer,M3M-red,DJI_202607011027_013_8,surveys/2026_front_country/summer/data_collection/M3M-red/DCIM/DJI_202607011027_013_8/,468,20260701102859,20260701105246,20260701,
2026,summer,M3M-red,DJI_202607011027_014,surveys/2026_front_country/summer/data_collection/M3M-red/DCIM/DJI_202607011027_014/,1,20260701105251,20260701105251,20260701,
2026,summer,M3M-red,DJI_202607011054_015_8,surveys/2026_front_country/summer/data_collection/M3M-red/DCIM/DJI_202607011054_015_8/,326,20260701105643,20260701111447,20260701,
