kind,drone_1,drone_2,prefix_1,photo_1,prefix_2,photo_2,year,season,dist_m,hours_apart,irradiance_1,irradiance_2,G_dn_1,G_dn_2,G_camera_1,G_camera_2,G_reflectance_1,G_reflectance_2,R_dn_1,R_dn_2,R_camera_1,R_camera_2,R_reflectance_1,R_reflectance_2,RE_dn_1,RE_dn_2,RE_camera_1,RE_camera_2,RE_reflectance_1,RE_reflectance_2,NIR_dn_1,NIR_dn_2,NIR_camera_1,NIR_camera_2,NIR_reflectance_1,NIR_reflectance_2,ok,why
cross,blue,green,surveys/2026_front_country/spring/data_collection/M3M-blue/DCIM/DJI_202604301113_020_5/,346,surveys/2026_front_country/spring/data_collection/M3M-green/DCIM/DJI_202604291051_018_10/,285,2026,spring,9.500795273359762,24.391226262777778,15871.219,13585.244,12976.0,14176.0,144.0489959716797,124.44853973388672,0.004528944380581379,0.004523368552327156,8576.0,9264.0,114.97598266601562,100.80874633789062,0.004401669837534428,0.004319202154874802,16864.0,17888.0,176.4555206298828,149.93765258789062,0.010663253255188465,0.010637993924319744,14752.0,16272.0,149.92137145996094,127.10784912109375,0.013817721046507359,0.014164414256811142,True,
cross,blue,green,surveys/2026_front_country/summer/data_collection/M3M-blue/DCIM/DJI_202606231200_006_5/,355,surveys/2026_front_country/summer/data_collection/M3M-green/DCIM/DJI_202606231203_005_6/,93,2026,summer,6.710852355939019,0.1300962336111111,16581.418,16829.734,13328.0,13776.0,147.32916259765625,147.87435913085938,0.004433677531778812,0.004338656086474657,9536.0,9632.0,127.98348999023438,129.04852294921875,0.004735542461276054,0.004519116599112749,15728.0,15392.0,165.4346466064453,158.80384826660156,0.009934622794389725,0.009299304336309433,12800.0,12848.0,140.36932373046875,131.9065704345703,0.012743039056658745,0.012076647952198982,True,
cross,blue,green,surveys/2026_front_country/summer/data_collection/M3M-blue/DCIM/DJI_202606231301_009_1/,70,surveys/2026_front_country/summer/data_collection/M3M-green/DCIM/DJI_202606231332_007_0/,186,2026,summer,11.091537001805763,0.5785578463888889,17358.77,17147.41,12576.0,13328.0,160.99842834472656,170.37423706054688,0.0046280683018267155,0.004906197544187307,8832.0,9312.0,158.92388916015625,171.5982666015625,0.005635011475533247,0.005886344239115715,15936.0,16096.0,187.150634765625,196.4239501953125,0.010646716691553593,0.01118355244398117,14080.0,14240.0,163.970947265625,165.66429138183594,0.013827359303832054,0.014518596231937408,True,
cross,blue,green,surveys/2026_front_country/summer/data_collection/M3M-blue/DCIM/DJI_202606231200_006_5/,347,surveys/2026_front_country/summer/data_collection/M3M-green/DCIM/DJI_202606231203_005_6/,102,2026,summer,9.701731879284939,0.11968643166666666,16523.572,16550.832,14304.0,13328.0,173.73516845703125,163.6650390625,0.005246635526418686,0.004882875829935074,9520.0,9024.0,156.25823974609375,153.038330078125,0.00580217968672514,0.005452517420053482,15936.0,15152.0,163.85647583007812,153.4916534423828,0.009896425530314445,0.009144795127213001,13536.0,13632.0,133.86737060546875,127.81442260742188,0.012226849794387817,0.011894769966602325,True,
cross,blue,green,surveys/2025_front_country/spring/data_collection/M3M-blue/DCIM/DJI_202505011235_008_19/,84,surveys/2025_front_country/spring/data_collection/M3M-green/DCIM/DJI_202505011230_007_15/,375,2025,spring,6.3757524610512135,0.09267430888888889,16826.129,17076.861,,,,,,,,,,,,,,,,,,,,,,,,,False,no registration
cross,blue,green,surveys/2026_front_country/spring/data_collection/M3M-blue/DCIM/DJI_202604301141_021_5/,350,surveys/2026_front_country/spring/data_collection/M3M-green/DCIM/DJI_202604291119_019_10/,324,2026,spring,9.438911168811185,24.389050028333337,15776.266,19603.992,13120.0,11088.0,135.2686309814453,80.79086303710938,0.004278484266251326,0.0020349668338894844,9040.0,7504.0,115.87278747558594,67.7624282836914,0.0044796522706747055,0.001986963674426079,15600.0,13024.0,130.67794799804688,75.52839660644531,0.008074997924268246,0.0036170720122754574,13664.0,11440.0,108.14568328857422,62.29281234741211,0.010288017801940441,0.0046672094613313675,True,
cross,blue,green,surveys/2025_front_country/fall/data_collection/M3M-blue/DCIM/DJI_202510101259_027_3/,211,surveys/2025_front_country/fall/data_collection/M3M-green/DCIM/DJI_202510101256_013_8/,423,2025,fall,11.732474620419971,0.053510251388888895,11214.494,11877.671,13312.0,13824.0,120.04869079589844,128.7777862548828,0.005341642070561647,0.0053536416962742805,8848.0,9008.0,108.19535827636719,117.85796356201172,0.0058847228065133095,0.005753426346927881,16384.0,16656.0,113.42926025390625,122.6809310913086,0.010281823575496674,0.010166341438889503,14432.0,15008.0,98.14730072021484,104.70431518554688,0.013105850666761398,0.013018488883972168,True,
cross,blue,green,surveys/2026_front_country/spring/data_collection/M3M-blue/DCIM/DJI_202604301113_020_5/,345,surveys/2026_front_country/spring/data_collection/M3M-green/DCIM/DJI_202604291051_018_10/,284,2026,spring,8.199809588855668,24.391204765555553,15292.658,15050.768,12800.0,15056.0,140.98849487304688,154.64663696289062,0.004600422456860542,0.005073660984635353,8624.0,10160.0,114.20628356933594,130.72071838378906,0.0045454311184585094,0.00500889727845788,15936.0,19216.0,162.34161376953125,187.03573608398438,0.010291694663465023,0.011801736429333687,13568.0,17200.0,135.67469787597656,156.0175018310547,0.013148775324225426,0.01538766548037529,True,
cross,blue,green,surveys/2025_front_country/spring/data_collection/M3M-blue/DCIM/DJI_202505071217_021_2/,264,surveys/2025_front_country/spring/data_collection/M3M-green/DCIM/DJI_202505061203_004_6/,457,2025,spring,13.304377803465645,24.134963307777777,16933.109,17013.523,,,,,,,,,,,,,,,,,,,,,,,,,False,no registration
cross,blue,green,surveys/2025_front_country/summer/data_collection/M3M-blue/DCIM/DJI_202507011210_006_19/,176,surveys/2025_front_country/summer/data_collection/M3M-green/DCIM/DJI_202507011213_014_15/,397,2025,summer,8.022470901984205,0.12994283916666666,17386.137,17819.75,,,,,,,,,,,,,,,,,,,,,,,,,False,no registration
cross,blue,green,surveys/2025_front_country/spring/data_collection/M3M-blue/DCIM/DJI_202505011235_008_19/,80,surveys/2025_front_country/spring/data_collection/M3M-green/DCIM/DJI_202505011230_007_15/,230,2025,spring,10.949308000176282,0.014061647777777778,17138.377,17220.283,13248.0,12480.0,220.71969604492188,220.28054809570312,0.006426410749554634,0.0063164858147501945,8672.0,8192.0,199.04025268554688,203.0449981689453,0.007135289721190929,0.006934445817023516,15840.0,15360.0,198.86370849609375,204.03521728515625,0.0115798469632864,0.011550894007086754,14480.0,14128.0,160.44821166992188,161.36062622070312,0.014392388984560966,0.01447945088148117,True,
cross,blue,green,surveys/2026_front_country/summer/data_collection/M3M-blue/DCIM/DJI_202606231301_009_1/,120,surveys/2026_front_country/summer/data_collection/M3M-green/DCIM/DJI_202606231332_007_0/,244,2026,summer,7.072566506227368,0.5812386958333333,17952.08,15793.327,13264.0,13792.0,160.39349365234375,150.38156127929688,0.00445829750970006,0.004701761528849602,8064.0,8528.0,118.80070495605469,114.68033599853516,0.004056650213897228,0.0042993901297450066,16720.0,16464.0,205.90087890625,184.9901885986328,0.01133871078491211,0.011518110521137714,14064.0,14352.0,183.78692626953125,162.9056854248047,0.01505831815302372,0.015566660091280937,True,
cross,blue,green,surveys/2025_front_country/summer/data_collection/M3M-blue/DCIM/DJI_202507011238_007_19/,353,surveys/2025_front_country/summer/data_collection/M3M-green/DCIM/DJI_202507011240_015_15/,528,2025,summer,8.954161036318425,0.14534117722222223,18210.59,18048.633,13072.0,13040.0,263.0188903808594,271.70062255859375,0.007207090966403484,0.0074333734810352325,8992.0,8544.0,267.2694396972656,270.111572265625,0.00908818282186985,0.00880697276443243,15600.0,14480.0,213.57244873046875,204.51681518554688,0.011887202039361,0.011210935190320015,13936.0,13984.0,165.2184600830078,166.81797790527344,0.013663172721862793,0.014045345596969128,True,
cross,blue,green,surveys/2026_front_country/summer/data_collection/M3M-blue/DCIM/DJI_202606231200_006_5/,364,surveys/2026_front_country/summer/data_collection/M3M-green/DCIM/DJI_202606231203_005_6/,82,2026,summer,5.882897111026518,0.1422053788888889,16970.082,17442.799,10448.0,9312.0,73.06819152832031,69.94751739501953,0.002148530213162303,0.001980139408260584,6576.0,5360.0,43.43241882324219,40.21445846557617,0.0015747619327157736,0.0013524722307920456,14464.0,12416.0,110.70075225830078,108.45996856689453,0.006480866577476263,0.00611845962703228,12416.0,11360.0,117.15057373046875,111.93637084960938,0.010346909053623676,0.009876931086182594,True,
cross,blue,green,surveys/2026_front_country/summer/data_collection/M3M-blue/DCIM/DJI_202606231301_009_1/,110,surveys/2026_front_country/summer/data_collection/M3M-green/DCIM/DJI_202606231332_007_0/,254,2026,summer,9.796004125797468,0.5927713869444445,18034.107,16292.444,13616.0,13984.0,179.69863891601562,166.58892822265625,0.0049721840769052505,0.005048931576311588,9168.0,9600.0,163.12185668945312,158.80201721191406,0.005541305989027023,0.0057585109025239944,15584.0,15168.0,188.221435546875,170.84054565429688,0.01032254472374916,0.010284161195158958,13584.0,13264.0,165.83218383789062,146.99874877929688,0.013528849929571152,0.013595741242170334,True,
cross,blue,green,surveys/2025_front_country/spring/data_collection/M3M-blue/DCIM/DJI_202505011235_008_19/,297,surveys/2025_front_country/spring/data_collection/M3M-green/DCIM/DJI_202505011230_007_15/,527,2025,spring,16.95434434409359,0.03779236222222222,17374.971,17337.143,13776.0,12416.0,234.6808624267578,222.4609375,0.0067398566752672195,0.006336010992527008,9200.0,8576.0,216.947509765625,215.77975463867188,0.007674733176827431,0.007366027683019638,16000.0,14720.0,195.45022583007812,188.3251953125,0.011260338127613068,0.01044530887156725,14144.0,13504.0,149.65289306640625,147.0430908203125,0.013287398032844067,0.012828394770622253,True,
cross,blue,green,surveys/2026_front_country/summer/data_collection/M3M-blue/DCIM/DJI_202606231301_009_1/,71,surveys/2026_front_country/summer/data_collection/M3M-green/DCIM/DJI_202606231332_007_0/,185,2026,summer,7.673235400725686,0.5774669591666667,17410.311,17082.242,12752.0,12864.0,162.95689392089844,163.404296875,0.004670498892664909,0.004723438061773777,8944.0,9104.0,159.74795532226562,166.8311767578125,0.005643579177558422,0.005745017901062965,16592.0,15984.0,198.21932983398438,196.914794921875,0.011220755986869335,0.011247338727116585,14304.0,14496.0,170.62384033203125,170.08303833007812,0.014328052289783955,0.01495242677628994,True,
cross,blue,green,surveys/2026_front_country/summer/data_collection/M3M-blue/DCIM/DJI_202606241127_015_7/,359,surveys/2026_front_country/summer/data_collection/M3M-green/DCIM/DJI_202606231203_005_6/,458,2026,summer,14.636092698087266,23.3336029975,16546.148,17407.322,16720.0,16880.0,142.07586669921875,176.29483032226562,0.004284700378775597,0.005000889301300049,10960.0,12152.0,97.34468078613281,131.5528564453125,0.0036083939485251904,0.004452915862202644,19584.0,17792.0,176.0643310546875,201.7599334716797,0.010549814440310001,0.01135698240250349,15568.0,15488.0,161.55685424804688,179.2771453857422,0.014545239508152008,0.01585814543068409,True,
cross,blue,green,surveys/2026_front_country/spring/data_collection/M3M-blue/DCIM/DJI_202604301113_020_5/,349,surveys/2026_front_country/spring/data_collection/M3M-green/DCIM/DJI_202604291051_018_10/,287,2026,spring,7.93258690012995,24.39179817777778,15263.083,14072.972,13280.0,10656.0,140.45997619628906,74.95699310302734,0.004592058248817921,0.002630061935633421,8624.0,6800.0,108.99352264404297,57.947547912597656,0.004332359880208969,0.0023911376483738422,18272.0,14016.0,192.78118896484375,93.42545318603516,0.01224618311971426,0.006383753381669521,15952.0,12720.0,166.41238403320312,79.88177490234375,0.01620703563094139,0.008587726391851902,True,
cross,blue,green,surveys/2026_front_country/spring/data_collection/M3M-blue/DCIM/DJI_202604301113_020_5/,347,surveys/2026_front_country/spring/data_collection/M3M-green/DCIM/DJI_202604291051_018_10/,285,2026,spring,7.974150525873453,24.391809809444446,15228.21,13585.244,13280.0,12288.0,140.78713989257812,107.87283325195312,0.004613294266164303,0.003920886665582657,8592.0,8000.0,111.68904113769531,86.89895629882812,0.0044451383873820305,0.0037232297472655773,16912.0,15328.0,176.58047485351562,128.25820922851562,0.011234425008296967,0.009099849499762058,14704.0,14064.0,150.08233642578125,109.46648406982422,0.014630256220698357,0.01219852827489376,True,
cross,blue,green,surveys/2025_front_country/summer/data_collection/M3M-blue/DCIM/DJI_202507011307_009_19/,78,surveys/2025_front_country/summer/data_collection/M3M-green/DCIM/DJI_202507011305_016_15/,407,2025,summer,2.492370492201364,0.1788712411111111,18167.477,18830.926,,,,,,,,,,,,,,,,,,,,,,,,,False,no registration
cross,blue,green,surveys/2026_front_country/spring/data_collection/M3M-blue/DCIM/DJI_202604271216_004_19/,87,surveys/2026_front_country/spring/data_collection/M3M-green/DCIM/DJI_202604271302_010_16/,236,2026,spring,9.12608748877652,0.8168467847222222,16865.828,11822.584,13760.0,13888.0,223.53736877441406,153.40936279296875,0.006613624282181263,0.0064073596149683,9248.0,9152.0,202.62899780273438,136.92889404296875,0.007346910424530506,0.0067981514148414135,17120.0,16800.0,231.86427307128906,163.9353790283203,0.013333233073353767,0.012991826981306076,15104.0,15456.0,188.0560302734375,136.29190063476562,0.01680907793343067,0.016987774521112442,True,
cross,blue,green,surveys/2025_front_country/spring/data_collection/M3M-blue/DCIM/DJI_202505011235_008_19/,301,surveys/2025_front_country/spring/data_collection/M3M-green/DCIM/DJI_202505011256_008_15/,91,2025,spring,11.813759461172411,0.22074290083333334,16846.43,17371.963,12768.0,13232.0,214.4060821533203,224.7606201171875,0.006350768730044365,0.006388677284121513,8480.0,8864.0,195.13650512695312,214.8633270263672,0.007173416204750538,0.0072915623895823956,15408.0,15968.0,182.70162963867188,200.3348846435547,0.010835478082299232,0.011266261339187622,13904.0,14416.0,145.5548553466797,153.7999267578125,0.01322855893522501,0.013688936829566956,True,
cross,blue,green,surveys/2025_front_country/summer/data_collection/M3M-blue/DCIM/DJI_202507011210_006_19/,426,surveys/2025_front_country/summer/data_collection/M3M-green/DCIM/DJI_202507011213_014_15/,551,2025,summer,13.957600451811038,0.07624712305555556,17812.125,18130.256,,,,,,,,,,,,,,,,,,,,,,,,,False,no registration
cross,blue,green,surveys/2025_front_country/fall/data_collection/M3M-blue/DCIM/DJI_202510101259_027_3/,326,surveys/2025_front_country/fall/data_collection/M3M-green/DCIM/DJI_202510101319_014_8/,84,2025,fall,5.894832074698983,0.17704976583333332,11393.881,11536.008,,,,,,,,,,,,,,,,,,,,,,,,,False,no registration
cross,blue,green,surveys/2025_front_country/summer/data_collection/M3M-blue/DCIM/DJI_202507011210_006_19/,172,surveys/2025_front_country/summer/data_collection/M3M-green/DCIM/DJI_202507011213_014_15/,252,2025,summer,0.4515145493812364,0.051154915555555555,17667.572,17348.559,14816.0,15216.0,280.732177734375,291.4612731933594,0.007928889244794846,0.008295777253806591,9792.0,10432.0,277.47344970703125,303.88232421875,0.009688882157206535,0.010373602621257305,16560.0,17152.0,227.65853881835938,239.09695434570312,0.013047521002590656,0.013377482071518898,14832.0,15520.0,182.7474365234375,189.90289306640625,0.01558657456189394,0.01621152088046074,True,
cross,blue,green,surveys/2025_front_country/fall/data_collection/M3M-blue/DCIM/DJI_202510091213_026_14/,230,surveys/2025_front_country/fall/data_collection/M3M-green/DCIM/DJI_202510091258_008_9/,214,2025,fall,4.326775257404308,0.6740809011111112,11106.353,11681.809,13408.0,13824.0,165.52377319335938,188.17520141601562,0.007436797022819519,0.00795411691069603,9040.0,8976.0,159.99990844726562,180.7816619873047,0.008764577098190784,0.00898677110671997,15536.0,15600.0,133.00167846679688,148.99664306640625,0.011890057474374771,0.012405764311552048,13200.0,14080.0,101.88291931152344,118.7763900756836,0.013550156727433205,0.015296774916350842,True,
cross,blue,green,surveys/2025_front_country/fall/data_collection/M3M-blue/DCIM/DJI_202510071142_016_6/,355,surveys/2025_front_country/fall/data_collection/M3M-green/DCIM/DJI_202510081201_004_11/,228,2025,fall,2.0094188011777168,24.203679309722222,11152.517,12078.161,9808.0,9984.0,69.11087036132812,76.79310607910156,0.0030922209843993187,0.003139503998681903,6384.0,5616.0,63.3802375793457,62.441192626953125,0.0034432888496667147,0.0029946803115308285,14448.0,13520.0,85.04388427734375,88.13211059570312,0.0074789985083043575,0.006987615022808313,12928.0,12592.0,75.7882080078125,78.43544006347656,0.010260757058858871,0.009833825752139091,True,
cross,red,blue,surveys/2025_front_country/summer/data_collection/M3M-red/DCIM/DJI_202507021204_020_16/,119,surveys/2025_front_country/summer/data_collection/M3M-blue/DCIM/DJI_202507021133_013_20/,26,2025,summer,3.810777346351073,0.5981381383333333,21379.346,16282.132,14128.0,13920.0,255.50613403320312,224.56982421875,0.005967780482023954,0.006882357411086559,9648.0,9424.0,249.4537353515625,216.6288299560547,0.00732333492487669,0.008217046037316322,16224.0,16016.0,202.3009033203125,190.1173095703125,0.010312896221876144,0.01196693442761898,14640.0,14144.0,191.47265625,156.98004150390625,0.01257005799561739,0.014424950815737247,True,
cross,red,blue,surveys/2026_front_country/summer/data_collection/M3M-red/DCIM/DJI_202606241140_008_12/,214,surveys/2026_front_country/summer/data_collection/M3M-blue/DCIM/DJI_202606241127_015_7/,258,2026,summer,7.64259520977304,0.2560988897222222,21047.928,16605.518,14896.0,13440.0,179.7703857421875,153.99722290039062,0.004264958202838898,0.004627618007361889,7696.0,7408.0,106.8993911743164,103.7001953125,0.0031919633038342,0.0038292300887405872,18960.0,17696.0,211.61871337890625,199.5855712890625,0.010875986889004707,0.011907940730452538,15888.0,15472.0,218.93252563476562,187.89398193359375,0.014828331768512726,0.016887862235307693,True,
cross,red,blue,surveys/2025_front_country/fall/data_collection/M3M-red/DCIM/DJI_202510071241_006_5/,417,surveys/2025_front_country/fall/data_collection/M3M-blue/DCIM/DJI_202510071237_020_6/,255,2025,fall,14.328537385490602,0.1077804886111111,14447.397,11766.593,7824.0,7520.0,23.425060272216797,19.627784729003906,0.0008096494129858911,0.0008323723450303078,4208.0,4464.0,14.541059494018555,13.525115966796875,0.0006220827344805002,0.0006998383323661983,11088.0,10480.0,32.1463508605957,26.87255859375,0.002330521121621132,0.0022435695864260197,9712.0,9200.0,38.650489807128906,31.33786392211914,0.0037158806808292866,0.003948709927499294,True,
cross,red,blue,surveys/2026_front_country/spring/data_collection/M3M-red/DCIM/DJI_202604301348_022_0/,153,surveys/2026_front_country/spring/data_collection/M3M-blue/DCIM/DJI_202604301323_024_1/,43,2026,spring,8.687440006525556,0.4963271397222222,21540.508,16758.342,12800.0,12832.0,173.59719848632812,162.29095458984375,0.0040243216790258884,0.004832371138036251,8432.0,8656.0,146.1788330078125,140.79266357421875,0.0042365435510873795,0.005163030698895454,15408.0,15920.0,165.4419708251953,166.93255615234375,0.008044710382819176,0.009764580056071281,13584.0,14256.0,152.42491149902344,139.01060485839844,0.00999336689710617,0.01248926017433405,True,
cross,red,blue,surveys/2025_front_country/summer/data_collection/M3M-red/DCIM/DJI_202507021134_018_16/,318,surveys/2025_front_country/summer/data_collection/M3M-blue/DCIM/DJI_202507021133_013_20/,189,2025,summer,7.749549390346404,0.24711728694444446,20597.297,16438.801,13440.0,13008.0,243.6619873046875,219.13720703125,0.005907224491238594,0.006651859264820814,8736.0,8592.0,241.10682678222656,220.15310668945312,0.0073402877897024155,0.008276711218059063,15600.0,14944.0,200.66973876953125,185.90377807617188,0.010610917583107948,0.011569569818675518,13856.0,13424.0,184.0084228515625,153.38824462890625,0.012475568801164627,0.013996310532093048,True,
cross,red,blue,surveys/2026_front_country/summer/data_collection/M3M-red/DCIM/DJI_202606301025_010_10/,293,surveys/2026_front_country/summer/data_collection/M3M-blue/DCIM/DJI_202606301005_007_9/,275,2026,summer,11.154360847650027,0.36391960055555556,16321.446,11765.508,12464.0,11984.0,127.48100280761719,106.08535766601562,0.0039002527482807636,0.004499267786741257,8608.0,8176.0,110.43864440917969,91.30316162109375,0.004050771240144968,0.0045687006786465645,14176.0,14048.0,107.4286117553711,100.60935974121094,0.006622676271945238,0.008112836629152298,12768.0,12224.0,110.32359313964844,90.29104614257812,0.008306963369250298,0.010090448893606663,True,
cross,red,blue,surveys/2026_front_country/spring/data_collection/M3M-red/DCIM/DJI_202604301142_017_6/,334,surveys/2026_front_country/spring/data_collection/M3M-blue/DCIM/DJI_202605011230_034_11/,353,2026,spring,10.079864400759933,24.762557985555556,20533.117,16794.01,,,,,,,,,,,,,,,,,,,,,,,,,False,no registration
cross,red,blue,surveys/2026_front_country/summer/data_collection/M3M-red/DCIM/DJI_202606241108_006_12/,134,surveys/2026_front_country/summer/data_collection/M3M-blue/DCIM/DJI_202606241101_014_7/,345,2026,summer,13.563866102158226,0.06736131861111111,18823.139,14318.317,13136.0,11472.0,96.57955932617188,72.80430603027344,0.002562117762863636,0.0025372435338795185,8544.0,7680.0,54.8663330078125,42.553184509277344,0.0018301347736269236,0.0018283978570252657,16512.0,15104.0,128.13223266601562,105.988037109375,0.0073403529822826385,0.00734770018607378,13552.0,12880.0,141.71778869628906,111.39698791503906,0.01062534749507904,0.011546929366886616,True,
cross,red,blue,surveys/2026_front_country/summer/data_collection/M3M-red/DCIM/DJI_202606241108_006_12/,49,surveys/2026_front_country/summer/data_collection/M3M-blue/DCIM/DJI_202606241101_014_7/,179,2026,summer,1.656511412583598,0.09043259361111111,18511.055,13820.389,13280.0,13328.0,102.48257446289062,89.82449340820312,0.0027645521331578493,0.003243184182792902,8224.0,8480.0,61.56386184692383,56.22235107421875,0.0020867707207798958,0.0024970765225589275,16656.0,16592.0,130.94985961914062,121.66769409179688,0.007630933541804552,0.008677251636981964,14192.0,13552.0,144.72097778320312,117.55026245117188,0.011028141714632511,0.012566076591610909,True,
cross,red,blue,surveys/2025_front_country/fall/data_collection/M3M-red/DCIM/DJI_202510071241_006_5/,372,surveys/2025_front_country/fall/data_collection/M3M-blue/DCIM/DJI_202510071237_020_6/,310,2025,fall,13.395819094503926,0.03825065805555556,15156.144,11996.109,3872.0,3600.0,16.292320251464844,14.398537635803223,0.0005367847625166178,0.0005989285418763757,2048.0,1712.0,11.484846115112305,9.824065208435059,0.00046628614654764533,0.0004965418484061956,5680.0,5040.0,20.477310180664062,18.585906982421875,0.0014044251292943954,0.0015169627731665969,6800.0,5456.0,30.08380699157715,22.322364807128906,0.002741533797234297,0.002750018611550331,True,
cross,red,blue,surveys/2025_front_country/fall/data_collection/M3M-red/DCIM/DJI_202510071241_006_5/,558,surveys/2025_front_country/fall/data_collection/M3M-blue/DCIM/DJI_202510071237_020_6/,235,2025,fall,17.726334221812163,0.2026979388888889,14339.686,11849.402,13328.0,13328.0,160.34361267089844,141.70361328125,0.005583646707236767,0.005967350676655769,8752.0,8688.0,150.60287475585938,132.98870849609375,0.006487256847321987,0.0068068900145590305,15232.0,15440.0,115.7450942993164,108.09298706054688,0.008441226556897163,0.008934661746025085,14176.0,13872.0,108.5887222290039,87.2364501953125,0.010473497211933136,0.0109254140406847,True,
cross,red,blue,surveys/2026_front_country/spring/data_collection/M3M-red/DCIM/DJI_202604301348_022_0/,152,surveys/2026_front_country/spring/data_collection/M3M-blue/DCIM/DJI_202604301323_024_1/,44,2026,spring,7.880125816684684,0.49500796305555556,21411.293,16774.162,13568.0,13360.0,179.35182189941406,166.41224670410156,0.004182816483080387,0.004950413946062326,9008.0,8704.0,152.834228515625,138.84063720703125,0.004457149654626846,0.005085846874862909,16192.0,16400.0,174.40701293945312,171.9515380859375,0.008530243299901485,0.010069348849356174,14640.0,14256.0,165.44232177734375,140.81820678710938,0.010910190641880035,0.012650087475776672,True,
cross,red,blue,surveys/2025_front_country/fall/data_collection/M3M-red/DCIM/DJI_202510071329_007_1/,40,surveys/2025_front_country/fall/data_collection/M3M-blue/DCIM/DJI_202510071404_023_0/,161,2025,fall,13.04636686715138,0.6707134905555555,14468.858,11800.717,12832.0,13408.0,131.38050842285156,127.99666595458984,0.004534220322966576,0.005412368103861809,8896.0,9120.0,127.4415283203125,124.77491760253906,0.005450644996017218,0.006406554486602545,15568.0,15440.0,101.09605407714844,100.91043090820312,0.007361108437180519,0.008356405422091484,14448.0,14624.0,95.34800720214844,86.15145874023438,0.009138913825154305,0.010749807581305504,True,
cross,red,blue,surveys/2026_front_country/summer/data_collection/M3M-red/DCIM/DJI_202606250959_011_18/,76,surveys/2026_front_country/summer/data_collection/M3M-blue/DCIM/DJI_202606251021_017_15/,280,2026,summer,4.5239018264384265,0.48676480972222225,14640.779,18066.896,12432.0,13088.0,139.0662384033203,178.3990020751953,0.004743112251162529,0.004927264992147684,8480.0,8688.0,125.69637298583984,160.08889770507812,0.005363219417631626,0.00533670000731945,14640.0,14896.0,135.79937744140625,176.18661499023438,0.009956415742635727,0.00947713665664196,12800.0,12864.0,143.66726684570312,161.22000122070312,0.013312180526554585,0.012357966974377632,True,
cross,red,blue,surveys/2025_front_country/summer/data_collection/M3M-red/DCIM/DJI_202506241132_009_9/,233,surveys/2025_front_country/summer/data_collection/M3M-blue/DCIM/DJI_202506241143_002_4/,300,2025,summer,9.007406485263113,0.14116010444444443,19800.996,16721.758,13616.0,13376.0,190.1613006591797,182.61679077148438,0.004795578774064779,0.005449489690363407,9392.0,8960.0,174.4450225830078,168.54522705078125,0.005481654778122902,0.006153696216642857,16576.0,16176.0,197.73492431640625,202.91360473632812,0.010470820590853691,0.011976636946201324,14464.0,14400.0,196.60289001464844,182.51927185058594,0.013622567057609558,0.01623508706688881,True,
cross,red,blue,surveys/2026_front_country/summer/data_collection/M3M-red/DCIM/DJI_202606241108_006_12/,210,surveys/2026_front_country/summer/data_collection/M3M-blue/DCIM/DJI_202606241101_014_7/,349,2026,summer,7.627206638546001,0.12838596166666666,20260.684,14454.774,12656.0,12960.0,98.66726684570312,85.26599884033203,0.0024317833594977856,0.0029434836469590664,7040.0,7664.0,46.23065948486328,42.428077697753906,0.0014280806062743068,0.0017998481635004282,17056.0,16624.0,144.43276977539062,128.5569610595703,0.007666129618883133,0.008739326149225235,14064.0,14048.0,162.33590698242188,133.6593017578125,0.011272027157247066,0.013584189116954803,True,
cross,red,blue,surveys/2026_front_country/summer/data_collection/M3M-red/DCIM/DJI_202606301025_010_10/,238,surveys/2026_front_country/summer/data_collection/M3M-blue/DCIM/DJI_202606301005_007_9/,304,2026,summer,9.24784539516543,0.29711228805555556,15755.906,12055.355,12176.0,12000.0,104.0447998046875,95.34136962890625,0.003297485876828432,0.003946376033127308,7888.0,8288.0,80.09912109375,79.20649719238281,0.0030840830877423286,0.003856769297271967,15168.0,15168.0,116.40794372558594,116.1119384765625,0.0076669189147651196,0.009042472578585148,13344.0,13376.0,122.88824462890625,112.01470184326172,0.010016527958214283,0.012092201970517635,True,
cross,red,blue,surveys/2026_front_country/spring/data_collection/M3M-red/DCIM/DJI_202604301211_019_6/,228,surveys/2026_front_country/spring/data_collection/M3M-blue/DCIM/DJI_202604301210_023_5/,482,2026,spring,16.320876149972047,0.07750646138888889,20814.871,17179.756,,,,,,,,,,,,,,,,,,,,,,,,,False,no registration
cross,red,blue,surveys/2025_front_country/summer/data_collection/M3M-red/DCIM/DJI_202507021204_020_16/,212,surveys/2025_front_country/summer/data_collection/M3M-blue/DCIM/DJI_202507021133_013_20/,340,2025,summer,4.627720992931457,0.4950071675,21105.781,16537.49,16048.0,15824.0,246.79757690429688,221.34376525878906,0.005839093122631311,0.006678743287920952,11328.0,11376.0,233.82156372070312,218.43365478515625,0.006968787871301174,0.008141659200191498,16640.0,17088.0,195.53018188476562,194.3609619140625,0.010103159584105015,0.012088797055184841,13872.0,13648.0,187.43679809570312,159.14974975585938,0.012421119958162308,0.014439670369029045,True,
cross,red,blue,surveys/2026_front_country/spring/data_collection/M3M-red/DCIM/DJI_202604301211_019_6/,244,surveys/2026_front_country/spring/data_collection/M3M-blue/DCIM/DJI_202604301210_023_5/,507,2026,spring,5.378183335568234,0.07661635888888889,21474.559,16907.865,13872.0,13936.0,107.09970092773438,104.17971801757812,0.0024904045276343822,0.0030746199190616608,9376.0,9488.0,81.07904052734375,82.43375396728516,0.0023492700420320034,0.002978392643854022,17072.0,17712.0,120.77308654785156,126.99028778076172,0.00589080760255456,0.007323812693357468,13968.0,14976.0,112.90229797363281,110.62637329101562,0.007396306376904249,0.009822013787925243,True,
cross,red,blue,surveys/2026_front_country/spring/data_collection/M3M-red/DCIM/DJI_202604301211_019_6/,230,surveys/2026_front_country/spring/data_collection/M3M-blue/DCIM/DJI_202604301210_023_5/,484,2026,spring,5.66703304271812,0.07667652222222222,20770.516,16685.33,13040.0,13328.0,158.30813598632812,154.8449249267578,0.0038059395737946033,0.0046308343298733234,8624.0,8896.0,130.2161865234375,129.8198699951172,0.003906882833689451,0.004751349799335003,15184.0,15472.0,165.5262451171875,170.09446716308594,0.008334231562912464,0.00991562008857727,13280.0,13712.0,152.6476593017578,142.6338348388672,0.010364210233092308,0.012868083082139492,True,
cross,red,blue,surveys/2026_front_country/summer/data_collection/M3M-red/DCIM/DJI_202606241210_010_12/,157,surveys/2026_front_country/summer/data_collection/M3M-blue/DCIM/DJI_202606241127_015_7/,436,2026,summer,8.821663307374221,0.6319453736111111,22409.689,16372.82,14416.0,14824.0,186.09481811523438,150.58380126953125,0.004146716557443142,0.0045893569476902485,8080.0,8464.0,111.2199935913086,87.1549072265625,0.0031166744884103537,0.00327191106043756,16624.0,16896.0,221.06622314453125,191.61074829101562,0.010661246255040169,0.011640748009085655,13760.0,14768.0,222.36563110351562,186.94100952148438,0.014097383245825768,0.017068373039364815,True,
cross,red,blue,surveys/2026_front_country/spring/data_collection/M3M-red/DCIM/DJI_202604301211_019_6/,251,surveys/2026_front_country/spring/data_collection/M3M-blue/DCIM/DJI_202604301210_023_5/,518,2026,spring,6.954715131857732,0.07651474055555554,21365.57,16769.129,17568.0,18784.0,182.98841857910156,181.94451904296875,0.004276761785149574,0.005414091050624847,11456.0,12288.0,152.70550537109375,158.21441650390625,0.004449359141290188,0.005764716304838657,20688.0,21040.0,182.7020263671875,187.078125,0.008959010243415833,0.01086746621876955,16896.0,17744.0,167.74620056152344,156.0461883544922,0.011041689664125443,0.013935687020421028,True,
cross,red,blue,surveys/2025_front_country/fall/data_collection/M3M-red/DCIM/DJI_202510071241_006_5/,503,surveys/2025_front_country/fall/data_collection/M3M-blue/DCIM/DJI_202510071237_020_6/,207,2025,fall,7.685280372410051,0.19420380777777776,15306.052,11967.183,13472.0,14000.0,137.57687377929688,127.56282043457031,0.004488364793360233,0.005318990908563137,8944.0,9504.0,129.12753295898438,125.16754150390625,0.005191695876419544,0.006349673494696617,15344.0,15728.0,102.42227172851562,101.48755645751953,0.006962102372199297,0.008329622447490692,14176.0,13968.0,95.07901000976562,81.21156311035156,0.00862017273902893,0.010127990506589413,True,
cross,red,blue,surveys/2025_front_country/summer/data_collection/M3M-red/DCIM/DJI_202506241132_009_9/,335,surveys/2025_front_country/summer/data_collection/M3M-blue/DCIM/DJI_202506241143_002_4/,447,2025,summer,9.165367285836998,0.140399795,19984.025,16791.383,13328.0,12480.0,190.6890869140625,177.38589477539062,0.0047648451291024685,0.005271445028483868,9104.0,8640.0,179.18353271484375,171.31382751464844,0.005583625286817551,0.006230093538761139,16304.0,15712.0,187.27610778808594,189.06210327148438,0.009794157929718494,0.011167727410793304,14480.0,13744.0,182.00148010253906,162.130615234375,0.012419765815138817,0.014417272992432117,True,
cross,red,blue,surveys/2026_front_country/spring/data_collection/M3M-red/DCIM/DJI_202604301211_019_6/,334,surveys/2026_front_country/spring/data_collection/M3M-blue/DCIM/DJI_202604301210_023_5/,373,2026,spring,9.110843083236176,0.07923375305555555,21157.051,16738.766,13056.0,13008.0,173.22064208984375,169.06454467773438,0.004088372457772493,0.005039948970079422,8704.0,9072.0,157.45697021484375,159.21139526367188,0.00463377870619297,0.005818852689117193,15888.0,15856.0,188.9884033203125,192.5333251953125,0.009330978617072105,0.01120460033416748,13856.0,13744.0,175.01669311523438,155.22616577148438,0.011659055948257446,0.013976908288896084,True,
cross,red,blue,surveys/2026_front_country/spring/data_collection/M3M-red/DCIM/DJI_202604281158_013_8/,261,surveys/2026_front_country/spring/data_collection/M3M-blue/DCIM/DJI_202604281249_014_9/,141,2026,spring,13.78017623789491,0.7021900077777777,22014.514,19343.58,11840.0,12464.0,120.5539779663086,186.05494689941406,0.0027345027774572372,0.0047995601780712605,8160.0,8528.0,113.043701171875,177.4923095703125,0.0032175681553781033,0.00558822974562645,14128.0,15600.0,141.60113525390625,240.21363830566406,0.00681852363049984,0.012044250965118408,12544.0,13584.0,139.29547119140625,207.99383544921875,0.008998245000839233,0.015768039971590042,True,
cross,red,blue,surveys/2026_front_country/spring/data_collection/M3M-red/DCIM/DJI_202604301348_022_0/,135,surveys/2026_front_country/spring/data_collection/M3M-blue/DCIM/DJI_202604301323_024_1/,70,2026,spring,7.767918218946298,0.46601470250000004,21618.102,16678.168,13456.0,13936.0,184.9327392578125,178.9644775390625,0.004271714016795158,0.005354458466172218,9360.0,9504.0,164.26882934570312,157.39788818359375,0.004744758363813162,0.0058006723411381245,15744.0,16128.0,169.21385192871094,168.25669860839844,0.008200031705200672,0.009890633635222912,14032.0,14000.0,157.25460815429688,136.63815307617188,0.010271025821566582,0.012384919449687004,True,
cross,red,blue,surveys/2025_front_country/fall/data_collection/M3M-red/DCIM/DJI_202510071241_006_5/,443,surveys/2025_front_country/fall/data_collection/M3M-blue/DCIM/DJI_202510071237_020_6/,273,2025,fall,14.983151690233498,0.10782459777777777,14368.419,11472.359,14240.0,13648.0,193.83377075195312,173.50367736816406,0.0067363763228058815,0.007546628825366497,9440.0,9552.0,187.00222778320312,176.49420166015625,0.008041460067033768,0.009378530085086823,16240.0,16608.0,139.40496826171875,137.45361328125,0.01016066875308752,0.011790324933826923,15200.0,14544.0,125.42464447021484,105.2231674194336,0.012094991281628609,0.013630031608045101,True,
cross,red,blue,surveys/2026_front_country/spring/data_collection/M3M-red/DCIM/DJI_202604301142_017_6/,133,surveys/2026_front_country/spring/data_collection/M3M-blue/DCIM/DJI_202605011230_034_11/,73,2026,spring,3.2208654853288947,24.75884546388889,20096.703,16780.303,13952.0,14496.0,157.54653930664062,176.6134033203125,0.003914623521268368,0.005251954309642315,9440.0,9584.0,137.20245361328125,152.43328857421875,0.004246204160153866,0.005562139675021172,16352.0,16880.0,151.7774200439453,177.92465209960938,0.007881203666329384,0.010310981422662735,13808.0,13968.0,137.52749633789062,137.7808837890625,0.009713295847177505,0.012441784143447876,True,
cross,red,green,surveys/2026_front_country/summer/data_collection/M3M-red/DCIM/DJI_202606231051_003_2/,294,surveys/2026_front_country/summer/data_collection/M3M-green/DCIM/DJI_202606231107_003_6/,541,2026,summer,17.18871759920103,0.27027229027777777,18869.408,16447.93,,,,,,,,,,,,,,,,,,,,,,,,,False,no registration
cross,red,green,surveys/2025_front_country/fall/data_collection/M3M-red/DCIM/DJI_202510101341_034_4/,202,surveys/2025_front_country/fall/data_collection/M3M-green/DCIM/DJI_202510091326_010_9/,288,2025,fall,14.060822722609297,24.261614081666668,14041.889,12466.131,13840.0,15376.0,148.87808227539062,159.05392456054688,0.005294331349432468,0.006300170905888081,9184.0,10320.0,138.1380615234375,157.934326171875,0.006088933441787958,0.007331884931772947,16576.0,18848.0,118.50857543945312,139.93917846679688,0.009016452357172966,0.01092381589114666,15696.0,17264.0,118.54234313964844,115.263427734375,0.011678773909807205,0.013849349692463875,True,
cross,red,green,surveys/2026_front_country/spring/data_collection/M3M-red/DCIM/DJI_202605021242_026_15/,58,surveys/2026_front_country/spring/data_collection/M3M-green/DCIM/DJI_202605021247_038_18/,213,2026,spring,14.886116615110462,0.11033907861111111,21947.48,15753.066,14160.0,13360.0,215.13551330566406,180.96588134765625,0.004894781857728958,0.005672457627952099,9664.0,8880.0,184.81649780273438,157.99673461914062,0.005231725051999092,0.005873481743037701,16544.0,14720.0,216.91903686523438,186.135009765625,0.010332461446523666,0.011377288028597832,14032.0,13376.0,197.97877502441406,155.40972900390625,0.012563345953822136,0.014976934529840946,True,
cross,red,green,surveys/2026_front_country/spring/data_collection/M3M-red/DCIM/DJI_202605011203_024_7/,106,surveys/2026_front_country/spring/data_collection/M3M-green/DCIM/DJI_202605011105_032_12/,255,2026,spring,18.98621999437769,0.8925045769444445,20342.143,14685.382,,,,,,,,,,,,,,,,,,,,,,,,,False,no registration
cross,red,green,surveys/2025_front_country/fall/data_collection/M3M-red/DCIM/DJI_202510101318_032_4/,215,surveys/2025_front_country/fall/data_collection/M3M-green/DCIM/DJI_202510091349_011_9/,201,2025,fall,11.21935242639319,23.556638180555556,14821.088,12216.387,12800.0,12880.0,127.62015533447266,131.2947998046875,0.004299769178032875,0.005306942388415337,8240.0,8464.0,112.17448425292969,123.05943298339844,0.004673919640481472,0.005827507935464382,15392.0,15344.0,104.79967498779297,115.46702575683594,0.007518844213336706,0.009074181318283081,14352.0,13984.0,102.5836181640625,95.60910034179688,0.009540734812617302,0.011542883701622486,True,
cross,red,green,surveys/2025_front_country/summer/data_collection/M3M-red/DCIM/DJI_202506261110_018_7/,90,surveys/2025_front_country/summer/data_collection/M3M-green/DCIM/DJI_202506261118_017_12/,39,2025,summer,10.200592254284269,0.048792435555555555,18685.402,15815.289,13488.0,12480.0,115.67622375488281,116.05278015136719,0.00309134554117918,0.003623414784669876,7696.0,6576.0,63.5872688293457,65.30016326904297,0.002133538480848074,0.00242504570633173,17040.0,15936.0,156.14137268066406,171.67481994628906,0.009045468643307686,0.010698732919991016,14736.0,14112.0,180.6932830810547,166.8810577392578,0.013641571626067162,0.015855588018894196,True,
cross,red,green,surveys/2026_front_country/spring/data_collection/M3M-red/DCIM/DJI_202604301142_017_6/,67,surveys/2026_front_country/spring/data_collection/M3M-green/DCIM/DJI_202604301150_028_2/,89,2026,spring,17.402705035388703,0.14461229833333333,20145.021,16278.814,6832.0,5648.0,40.59636306762695,37.22386169433594,0.0010062949731945992,0.00112911534961313,3728.0,2992.0,25.480642318725586,24.152069091796875,0.0007860090117901564,0.0008652359247207642,10912.0,9152.0,60.226043701171875,60.009422302246094,0.003111733589321375,0.0035448328126221895,11104.0,9504.0,77.62471008300781,64.42739868164062,0.0054212454706430435,0.006121339276432991,True,
cross,red,green,surveys/2025_front_country/spring/data_collection/M3M-red/DCIM/DJI_202505021346_022_16/,145,surveys/2025_front_country/spring/data_collection/M3M-green/DCIM/DJI_202505011330_009_15/,330,2025,spring,16.843734929895998,24.167139452222223,20999.188,17309.84,,,,,,,,,,,,,,,,,,,,,,,,,False,no registration
cross,red,green,surveys/2025_front_country/summer/data_collection/M3M-red/DCIM/DJI_202507011136_013_14/,255,surveys/2025_front_country/summer/data_collection/M3M-green/DCIM/DJI_202507011213_014_15/,81,2025,summer,12.007158777006403,0.4499478161111111,20906.664,17451.805,13504.0,13792.0,251.55923461914062,261.9251708984375,0.006008435972034931,0.007410994730889797,9152.0,9296.0,249.14584350585938,270.462158203125,0.007472904399037361,0.009140350855886936,16112.0,16656.0,198.06805419921875,218.881103515625,0.010160361416637897,0.012371715158224106,15424.0,15424.0,187.54815673828125,176.66497802734375,0.012582714669406414,0.015334618277847767,True,
cross,red,green,surveys/2025_front_country/summer/data_collection/M3M-red/DCIM/DJI_202507021319_021_11/,38,surveys/2025_front_country/summer/data_collection/M3M-green/DCIM/_repeat/,75,2025,summer,6.73695637430292,47.43535266027778,23419.697,18186.68,13472.0,13680.0,251.61578369140625,257.38641357421875,0.005364910699427128,0.006988304667174816,8752.0,9152.0,246.04110717773438,268.95758056640625,0.00658714585006237,0.008732769638299942,15344.0,15424.0,207.90928649902344,221.760009765625,0.009615638293325901,0.011987419798970222,13680.0,14160.0,193.30902099609375,180.91143798828125,0.011479394510388374,0.015136923640966415,True,
cross,red,green,surveys/2026_front_country/summer/data_collection/M3M-red/DCIM/DJI_202606231051_003_2/,59,surveys/2026_front_country/summer/data_collection/M3M-green/DCIM/DJI_202606231135_004_6/,241,2026,summer,18.884797504456916,0.7387481408333334,16569.262,16986.35,,,,,,,,,,,,,,,,,,,,,,,,,False,no registration
cross,red,green,surveys/2026_front_country/spring/data_collection/M3M-red/DCIM/DJI_202604301142_017_6/,63,surveys/2026_front_country/spring/data_collection/M3M-green/DCIM/DJI_202604301150_028_2/,87,2026,spring,17.4226918630297,0.16510026055555557,20027.342,16314.998,8896.0,8464.0,42.377201080322266,42.825504302978516,0.0010566103737801313,0.0012961495667696,5520.0,5152.0,27.28280258178711,27.56350326538086,0.0008468913147225976,0.0009848155314102769,11968.0,11136.0,57.54472732543945,61.9315185546875,0.0030055814422667027,0.0036539393477141857,10464.0,9712.0,67.8195571899414,60.74217224121094,0.0048291957937181,0.005761945620179176,True,
cross,red,green,surveys/2025_front_country/summer/data_collection/M3M-red/DCIM/DJI_202507011136_013_14/,239,surveys/2025_front_country/summer/data_collection/M3M-green/DCIM/DJI_202507011213_014_15/,57,2025,summer,16.205505087050128,0.4496307191666667,20836.24,17455.787,13280.0,14496.0,243.45309448242188,271.70428466796875,0.005834476090967655,0.007685935590416193,8944.0,9856.0,236.8073272705078,278.32806396484375,0.0071251834742724895,0.009405374526977539,15376.0,16560.0,183.6248779296875,215.14979553222656,0.009429620578885078,0.012146297842264175,13648.0,14832.0,157.30252075195312,166.72967529296875,0.010609863325953484,0.014471489004790783,True,
cross,red,green,surveys/2025_front_country/summer/data_collection/M3M-red/DCIM/DJI_202507011136_013_14/,244,surveys/2025_front_country/summer/data_collection/M3M-green/DCIM/DJI_202507011213_014_15/,65,2025,summer,12.210879974315892,0.45000266083333335,20844.824,17504.357,12432.0,12944.0,240.33499145507812,260.063232421875,0.005757377482950687,0.007336221635341644,7920.0,8880.0,225.93994140625,275.6192626953125,0.006798611022531986,0.009288078173995018,14240.0,15216.0,176.95803833007812,207.04592895507812,0.009090912528336048,0.011644834652543068,13408.0,14192.0,160.94998168945312,164.19976806640625,0.010841244831681252,0.014214860275387764,True,
cross,red,green,surveys/2025_front_country/fall/data_collection/M3M-red/DCIM/DJI_202510101318_032_4/,212,surveys/2025_front_country/fall/data_collection/M3M-green/DCIM/DJI_202510091349_011_9/,198,2025,fall,9.432540344799166,23.556687110555558,14259.496,11908.812,13968.0,14192.0,148.13442993164062,150.1932373046875,0.005187495611608028,0.006227612495422363,9328.0,9424.0,136.2193603515625,144.3887939453125,0.005914987996220589,0.007007124833762646,16048.0,16672.0,114.38766479492188,127.52461242675781,0.008456908166408539,0.010293353348970413,14880.0,15200.0,111.22932434082031,104.22602844238281,0.010662499815225601,0.012971468269824982,True,
cross,red,green,surveys/2025_front_country/spring/data_collection/M3M-red/DCIM/DJI_202505021303_020_16/,406,surveys/2025_front_country/spring/data_collection/M3M-green/DCIM/DJI_202505011330_009_15/,320,2025,spring,9.26061226539881,23.658707823055558,21493.246,17315.873,14064.0,14464.0,265.5224304199219,262.2118225097656,0.00616886280477047,0.007477346807718277,9584.0,9936.0,249.33273315429688,256.32928466796875,0.007244468200951815,0.008731838315725327,16272.0,16688.0,220.77957153320312,229.19395446777344,0.010745720006525517,0.0129135362803936,14288.0,14928.0,196.26837158203125,179.3649444580078,0.012797906994819641,0.016075370833277702,True,
cross,red,green,surveys/2026_front_country/summer/data_collection/M3M-red/DCIM/DJI_202606231051_003_2/,297,surveys/2026_front_country/summer/data_collection/M3M-green/DCIM/DJI_202606231107_003_6/,396,2026,summer,17.527589242313237,0.18642688916666666,19813.215,15937.144,,,,,,,,,,,,,,,,,,,,,,,,,False,no registration
cross,red,green,surveys/2025_front_country/spring/data_collection/M3M-red/DCIM/DJI_202505021303_020_16/,47,surveys/2025_front_country/spring/data_collection/M3M-green/DCIM/DJI_202505011330_009_15/,302,2025,spring,6.443319163670603,23.38881317,21260.562,17376.248,14448.0,15104.0,209.23147583007812,223.7496337890625,0.004914260469377041,0.0063583729788661,9744.0,10224.0,180.2410888671875,204.5410614013672,0.005302296951413155,0.0069407084956765175,16928.0,17536.0,191.68661499023438,210.2025604248047,0.009457463398575783,0.011791447177529335,15024.0,15504.0,174.77227783203125,166.75982666015625,0.011572913266718388,0.01482732780277729,True,
cross,red,green,surveys/2026_front_country/spring/data_collection/M3M-red/DCIM/DJI_202604301142_017_6/,284,surveys/2026_front_country/spring/data_collection/M3M-green/DCIM/DJI_202604301118_026_2/,318,2026,spring,18.367849763946918,0.453131805,20196.117,15161.294,,,,,,,,,,,,,,,,,,,,,,,,,False,no registration
cross,red,green,surveys/2026_front_country/summer/data_collection/M3M-red/DCIM/DJI_202607010956_011_8/,73,surveys/2026_front_country/summer/data_collection/M3M-green/DCIM/DJI_202607011047_012_3/,290,2026,summer,15.710894251798223,0.9839314447222223,14265.418,15900.764,13600.0,13728.0,89.86428833007812,97.66561126708984,0.003145636757835746,0.003032936714589596,8832.0,8336.0,57.980003356933594,62.16040802001953,0.002553314436227083,0.00229107728227973,21616.0,19568.0,131.13674926757812,130.34268188476562,0.010081227868795395,0.00817904807627201,17888.0,17536.0,147.87200927734375,131.88412475585938,0.014391434378921986,0.012379631400108337,True,
cross,red,green,surveys/2025_front_country/spring/data_collection/M3M-red/DCIM/DJI_202505021303_020_16/,404,surveys/2025_front_country/spring/data_collection/M3M-green/DCIM/DJI_202505011330_009_15/,254,2025,spring,10.666820795369205,23.69415584111111,21296.096,17493.695,,,,,,,,,,,,,,,,,,,,,,,,,False,no registration
cross,red,green,surveys/2026_front_country/spring/data_collection/M3M-red/DCIM/DJI_202605011203_024_7/,101,surveys/2026_front_country/spring/data_collection/M3M-green/DCIM/DJI_202605011105_032_12/,497,2026,spring,14.020438099477818,0.7529803655555556,19993.729,15406.955,,,,,,,,,,,,,,,,,,,,,,,,,False,no registration
cross,red,green,surveys/2025_front_country/fall/data_collection/M3M-red/DCIM/DJI_202510101318_032_4/,319,surveys/2025_front_country/fall/data_collection/M3M-green/DCIM/DJI_202510091349_011_9/,61,2025,fall,8.656208312220269,23.724413524444447,15003.179,11822.153,13024.0,12896.0,129.52001953125,127.57359313964844,0.004310816526412964,0.005328485742211342,8720.0,8688.0,118.77294921875,122.48736572265625,0.004896980710327625,0.006007770076394081,15472.0,15360.0,106.26486206054688,111.88253784179688,0.007599142380058765,0.009151620790362358,14352.0,13984.0,102.53702545166016,92.55316162109375,0.009513591416180134,0.011616796255111694,True,
cross,red,green,surveys/2025_front_country/summer/data_collection/M3M-red/DCIM/DJI_202507021319_021_11/,41,surveys/2025_front_country/summer/data_collection/M3M-green/DCIM/_repeat/,72,2025,summer,7.472444359127195,47.43943792361111,22913.176,18440.818,13840.0,13984.0,262.29052734375,258.89605712890625,0.005716145038604736,0.006932420656085014,9328.0,9248.0,271.881591796875,273.37042236328125,0.007468650117516518,0.00875137373805046,15808.0,15104.0,211.3267822265625,213.2704315185547,0.010011067613959312,0.011389179155230522,14496.0,14352.0,200.153564453125,178.17063903808594,0.012107755988836288,0.014708909206092358,True,
cross,red,green,surveys/2026_front_country/spring/data_collection/M3M-red/DCIM/DJI_202604301111_016_6/,338,surveys/2026_front_country/spring/data_collection/M3M-green/DCIM/DJI_202604301150_028_2/,321,2026,spring,19.056006250173194,0.5873273233333334,19650.68,16854.176,,,,,,,,,,,,,,,,,,,,,,,,,False,no registration
cross,red,green,surveys/2026_front_country/spring/data_collection/M3M-red/DCIM/DJI_202604301142_017_6/,178,surveys/2026_front_country/spring/data_collection/M3M-green/DCIM/DJI_202604301118_026_2/,485,2026,spring,17.646587928297368,0.25767565861111114,20258.701,15668.783,,,,,,,,,,,,,,,,,,,,,,,,,False,no registration
cross,red,green,surveys/2025_front_country/summer/data_collection/M3M-red/DCIM/DJI_202506261110_018_7/,49,surveys/2025_front_country/summer/data_collection/M3M-green/DCIM/DJI_202506261118_017_12/,64,2025,summer,8.284095361071849,0.09551696750000001,19100.928,15436.985,12704.0,13440.0,119.44464874267578,129.7023468017578,0.0031226130668073893,0.004148824140429497,6224.0,6544.0,66.74513244628906,77.424072265625,0.002183855976909399,0.002950778929516673,15296.0,16096.0,144.80552673339844,162.11581420898438,0.00817137397825718,0.010403748601675034,13360.0,13744.0,162.08914184570312,149.51666259765625,0.011850121431052685,0.014641212299466133,True,
same drone,blue,blue,surveys/2026_front_country/summer/data_collection/M3M-blue/DCIM/DJI_202606221320_010_20/,377,surveys/2026_front_country/summer/data_collection/M3M-blue/DCIM/DJI_202606221228_008_20/,374,2026,summer,0.7112238599165037,0.8713507352777777,23476.02,16848.627,15904.0,16304.0,245.97604370117188,183.45449829101562,0.005228359252214432,0.005433265119791031,10496.0,11248.0,202.8516845703125,156.6725616455078,0.0052873240783810616,0.005760244093835354,17888.0,19024.0,277.05828857421875,207.51361083984375,0.011307753622531891,0.012112494558095932,14176.0,14768.0,249.30064392089844,180.66412353515625,0.014643034897744656,0.015421750023961067,True,
same drone,blue,blue,surveys/2026_front_country/summer/data_collection/M3M-blue/DCIM/DJI_202606221320_010_20/,174,surveys/2026_front_country/summer/data_collection/M3M-blue/DCIM/DJI_202606221228_008_20/,171,2026,summer,8.227514341327312,0.8715218669444444,22709.389,18026.285,13568.0,14112.0,254.5787353515625,206.26699829101562,0.005593887530267239,0.005709796212613583,8912.0,9136.0,226.149658203125,178.68592834472656,0.006077837198972702,0.006084928289055824,15456.0,15808.0,236.7994842529297,180.70005798339844,0.010209713131189346,0.010000674985349178,13216.0,13840.0,197.3296356201172,151.3018798828125,0.012530491687357426,0.01258651353418827,True,
same drone,blue,blue,surveys/2026_front_country/summer/data_collection/M3M-blue/DCIM/DJI_202606221320_010_20/,107,surveys/2026_front_country/summer/data_collection/M3M-blue/DCIM/DJI_202606221228_008_20/,104,2026,summer,6.793007775678791,0.8714817902777777,21733.008,17563.422,13696.0,13152.0,196.90298461914062,157.39303588867188,0.0045209480449557304,0.004471707157790661,6288.0,6096.0,108.28958892822266,87.22582244873047,0.003053111955523491,0.003058096393942833,17888.0,17216.0,265.65765380859375,204.06948852539062,0.01202920451760292,0.011580714955925941,15600.0,14832.0,254.40408325195312,197.53778076171875,0.017024198547005653,0.0167042538523674,True,
same drone,blue,blue,surveys/2026_front_country/summer/data_collection/M3M-blue/DCIM/DJI_202606221320_010_20/,50,surveys/2026_front_country/summer/data_collection/M3M-blue/DCIM/DJI_202606221228_008_20/,47,2026,summer,7.403366534162611,0.8714912572222223,21338.252,17962.955,15744.0,16864.0,245.70501708984375,207.1090087890625,0.005745823495090008,0.005753316450864077,11216.0,12176.0,229.71170043945312,192.44100952148438,0.006588464602828026,0.006574124097824097,16768.0,17632.0,254.6294708251953,212.46115112304688,0.011764355935156345,0.011791933327913284,13216.0,13616.0,220.20449829101562,182.78665161132812,0.014912238344550133,0.015092562884092331,True,
same drone,blue,blue,surveys/2026_front_country/summer/data_collection/M3M-blue/DCIM/DJI_202606221228_008_20/,355,surveys/2026_front_country/summer/data_collection/M3M-blue/DCIM/DJI_202606221320_010_20/,358,2026,summer,0.7438890403633556,0.8713681711111111,18028.211,23769.461,12656.0,13168.0,196.6304931640625,276.839599609375,0.005442460998892784,0.005811735987663269,8848.0,8752.0,175.6605224609375,241.47329711914062,0.005987511947751045,0.006208246573805809,14848.0,15024.0,200.01803588867188,277.29840087890625,0.011070136912167072,0.01142086647450924,12784.0,12960.0,174.7198028564453,243.8460693359375,0.014445596374571323,0.014713652431964874,True,
same drone,blue,blue,surveys/2026_front_country/summer/data_collection/M3M-blue/DCIM/DJI_202606221202_007_20/,231,surveys/2026_front_country/summer/data_collection/M3M-blue/DCIM/DJI_202606221255_009_20/,231,2026,summer,0.9881136292544831,0.8856718727777777,18488.531,17857.07,12560.0,11760.0,161.29736328125,201.04525756835938,0.00435333326458931,0.005617986433207989,8240.0,7792.0,141.22592163085938,184.654052734375,0.004712126217782497,0.006395609118044376,16064.0,14736.0,153.587646484375,193.45126342773438,0.008240979164838791,0.010749977082014084,14272.0,12960.0,129.47422790527344,161.05410766601562,0.01033028308302164,0.013220543041825294,True,
same drone,blue,blue,surveys/2026_front_country/spring/data_collection/M3M-blue/DCIM/DJI_202604271147_003_20/,80,surveys/2026_front_country/spring/data_collection/M3M-blue/DCIM/DJI_202604271216_004_19/,31,2026,spring,6.1561870060237105,0.540540445,15556.445,16748.375,13792.0,13728.0,146.4284210205078,160.27581787109375,0.004696907941251993,0.004775209352374077,9344.0,9184.0,125.67837524414062,137.8993682861328,0.0049123214557766914,0.005017468705773354,16016.0,16480.0,139.71548461914062,157.768310546875,0.008731408044695854,0.0091401357203722,14016.0,14208.0,116.73187255859375,127.86723327636719,0.011388493701815605,0.011436264961957932,True,
same drone,blue,blue,surveys/2026_front_country/spring/data_collection/M3M-blue/DCIM/DJI_202604271147_003_20/,247,surveys/2026_front_country/spring/data_collection/M3M-blue/DCIM/DJI_202604271216_004_19/,191,2026,spring,13.439357448151325,0.5399371919444445,15703.479,16981.213,15680.0,16048.0,188.63514709472656,205.68902587890625,0.005994097329676151,0.006044209469109774,10736.0,11264.0,168.62046813964844,187.53253173828125,0.006532152649015188,0.00672599533572793,17120.0,17440.0,190.45541381835938,205.18040466308594,0.011762836016714573,0.011702708899974823,14304.0,14640.0,153.02572631835938,165.8782501220703,0.014679091051220894,0.014614885672926903,True,
same drone,blue,blue,surveys/2026_front_country/summer/data_collection/M3M-blue/DCIM/DJI_202606221228_008_20/,371,surveys/2026_front_country/summer/data_collection/M3M-blue/DCIM/DJI_202606221320_010_20/,374,2026,summer,0.7760683689606994,0.8713574266666666,17637.51,24281.652,14944.0,15552.0,233.31082153320312,331.31182861328125,0.006600771099328995,0.0068085677921772,10816.0,10816.0,222.77499389648438,305.9175720214844,0.007776161655783653,0.007705701515078545,15872.0,16048.0,214.18260192871094,297.863525390625,0.012094398960471153,0.012016097083687782,12640.0,12736.0,178.49656677246094,247.697265625,0.015023804269731045,0.014627376571297646,True,
same drone,blue,blue,surveys/2026_front_country/summer/data_collection/M3M-blue/DCIM/DJI_202606221228_008_20/,172,surveys/2026_front_country/summer/data_collection/M3M-blue/DCIM/DJI_202606221320_010_20/,175,2026,summer,7.241568135960021,0.8714958247222223,18027.707,22834.633,14352.0,13776.0,213.29446411132812,266.10186767578125,0.00590386101976037,0.005815017037093639,9408.0,9440.0,191.6886749267578,247.62997436523438,0.0065275272354483604,0.006620046682655811,16384.0,15552.0,196.947021484375,253.37445068359375,0.010897194966673851,0.010877123102545738,13872.0,13712.0,157.75198364257812,213.51119995117188,0.013117523863911629,0.013497263193130493,True,
same drone,blue,blue,surveys/2026_front_country/spring/data_collection/M3M-blue/DCIM/DJI_202604271147_003_20/,206,surveys/2026_front_country/spring/data_collection/M3M-blue/DCIM/DJI_202604271216_004_19/,148,2026,spring,5.183563979160514,0.5373195213888889,15420.407,16757.744,12448.0,12512.0,148.46896362304688,161.12457275390625,0.004804374650120735,0.0047978125512599945,8112.0,8304.0,123.4266357421875,134.36647033691406,0.004873225465416908,0.004906489979475737,15600.0,16304.0,154.64593505859375,172.14236450195312,0.00967230461537838,0.009973797015845776,14096.0,14384.0,130.6195831298828,143.790283203125,0.012724004685878754,0.012949809432029724,True,
same drone,blue,blue,surveys/2026_front_country/summer/data_collection/M3M-blue/DCIM/DJI_202606221320_010_20/,409,surveys/2026_front_country/summer/data_collection/M3M-blue/DCIM/DJI_202606221228_008_20/,406,2026,summer,1.229251274633214,0.8713459358333334,23924.934,17950.725,14864.0,14880.0,324.11248779296875,253.96841430664062,0.006759928073734045,0.007059838622808456,10208.0,10496.0,308.8385314941406,248.96926879882812,0.007877225056290627,0.008510977029800415,15920.0,16304.0,299.44964599609375,234.0699462890625,0.012203868478536606,0.012998079881072044,12976.0,12912.0,251.04995727539062,185.51339721679688,0.014953374862670898,0.015351671725511551,True,
same drone,blue,blue,surveys/2026_front_country/summer/data_collection/M3M-blue/DCIM/DJI_202606221320_010_20/,347,surveys/2026_front_country/summer/data_collection/M3M-blue/DCIM/DJI_202606221228_008_20/,344,2026,summer,0.8526035860045121,0.8713761294444444,23382.691,17684.277,14848.0,15776.0,262.6536560058594,215.1288299560547,0.005605134181678295,0.006070274859666824,11488.0,11616.0,274.50555419921875,215.17864990234375,0.0071870917454361916,0.0075003234669566154,18624.0,19312.0,293.3653564453125,219.54324340820312,0.012288769707083702,0.012383349239826202,15328.0,15984.0,259.5810852050781,194.42633056640625,0.015915315598249435,0.01637617126107216,True,
same drone,blue,blue,surveys/2026_front_country/summer/data_collection/M3M-blue/DCIM/DJI_202606221255_009_20/,148,surveys/2026_front_country/summer/data_collection/M3M-blue/DCIM/DJI_202606221202_007_20/,148,2026,summer,1.6618724453046496,0.8855952324999999,20266.156,20366.035,14224.0,14288.0,213.68453979492188,189.65646362304688,0.005261369049549103,0.0046468451619148254,10048.0,9952.0,192.3546142578125,168.85507202148438,0.005821721628308296,0.005111376754939556,15024.0,14704.0,208.74349975585938,187.31362915039062,0.010198870673775673,0.009121916256844997,12576.0,12544.0,179.1663360595703,165.59130859375,0.012980432249605656,0.01198763120919466,True,
same drone,blue,blue,surveys/2026_front_country/summer/data_collection/M3M-blue/DCIM/DJI_202606221320_010_20/,226,surveys/2026_front_country/summer/data_collection/M3M-blue/DCIM/DJI_202606221228_008_20/,223,2026,summer,0.9745233189454743,0.8712775094444444,20923.254,17683.369,13984.0,13232.0,209.28292846679688,187.54812622070312,0.00499116163700819,0.0052923038601875305,9216.0,8768.0,189.61074829101562,172.02783203125,0.005570793058723211,0.005993555299937725,16832.0,16096.0,203.05551147460938,185.27340698242188,0.0096441013738513,0.010441727936267853,14432.0,13600.0,172.70257568359375,152.02027893066406,0.01209867000579834,0.012846184894442558,True,
same drone,green,green,surveys/2025_front_country/fall/data_collection/M3M-green/DCIM/DJI_202510061310_010_16/,148,surveys/2025_front_country/fall/data_collection/M3M-green/DCIM/DJI_202510081227_005_11/,312,2025,fall,3.050968581257545,47.387588068333336,12545.803,12219.164,11568.0,12000.0,92.11724853515625,87.44026184082031,0.0036256187595427036,0.0035335368011146784,7808.0,8032.0,92.57062530517578,87.16972351074219,0.00428464449942112,0.004135076887905598,14256.0,14352.0,90.02024841308594,84.71556854248047,0.006951452232897282,0.00666776392608881,12912.0,13376.0,74.88853454589844,71.54940795898438,0.009103589691221714,0.008898386731743813,True,
same drone,green,green,surveys/2025_front_country/spring/data_collection/M3M-green/DCIM/DJI_202505021214_014_10/,281,surveys/2025_front_country/spring/data_collection/M3M-green/DCIM/DJI_202505011203_005_15/,176,2025,spring,13.965468220662892,24.28699508027778,16886.027,16666.311,12768.0,13632.0,198.00404357910156,204.26443481445312,0.005790101829916239,0.006051916629076004,8592.0,9120.0,185.37142944335938,187.65924072265625,0.0064300913363695145,0.006616611033678055,15472.0,16304.0,191.55775451660156,193.1912841796875,0.010949370451271534,0.011274217627942562,14144.0,14720.0,153.64404296875,153.1829833984375,0.014020734466612339,0.014222786761820316,True,
same drone,green,green,surveys/2025_front_country/fall/data_collection/M3M-green/DCIM/DJI_202510101256_013_8/,73,surveys/2025_front_country/fall/data_collection/M3M-green/DCIM/DJI_202510091258_008_9/,118,2025,fall,14.882496317571919,23.936077363611112,11898.087,12080.235,12096.0,12128.0,97.56880187988281,99.968017578125,0.004049239680171013,0.0040862541645765305,8080.0,7968.0,94.48177337646484,95.68753051757812,0.004606361035257578,0.004579245112836361,14256.0,13952.0,86.846435546875,88.1937026977539,0.007203276269137859,0.00706703495234251,13600.0,12848.0,76.81553649902344,74.60699462890625,0.009614089503884315,0.009256014600396156,True,
same drone,green,green,surveys/2025_front_country/fall/data_collection/M3M-green/DCIM/DJI_202510061337_011_16/,314,surveys/2025_front_country/fall/data_collection/M3M-green/DCIM/DJI_202510061401_012_20/,167,2025,fall,11.65804608907169,0.33155281305555556,12317.346,11737.862,5888.0,9488.0,40.99250793457031,51.790550231933594,0.0016433384735137224,0.0021787185687571764,3120.0,5424.0,30.47736358642578,41.34000778198242,0.0014391908189281821,0.0020496537908911705,11248.0,14592.0,64.73208618164062,68.13194274902344,0.005114448256790638,0.005660039372742176,11296.0,12960.0,63.40806198120117,64.79182434082031,0.007788128685206175,0.008335484191775322,True,
same drone,green,green,surveys/2025_front_country/spring/data_collection/M3M-green/DCIM/DJI_202505021307_016_10/,290,surveys/2025_front_country/spring/data_collection/M3M-green/DCIM/DJI_202505011230_007_15/,455,2025,spring,8.994992845372465,24.512024515555556,17145.143,17231.416,13968.0,14256.0,235.3895263671875,231.81166076660156,0.006779312621802092,0.006642842665314674,9520.0,9648.0,229.4266357421875,227.63162231445312,0.007889502681791782,0.007788336835801601,15600.0,15312.0,205.04351806640625,193.8592529296875,0.011471470817923546,0.010972196236252785,13504.0,13856.0,159.6709747314453,155.19813537597656,0.014282147400081158,0.014060764573514462,True,
same drone,green,green,surveys/2025_front_country/fall/data_collection/M3M-green/DCIM/DJI_202510061243_009_16/,158,surveys/2025_front_country/fall/data_collection/M3M-green/DCIM/DJI_202510081201_004_11/,311,2025,fall,7.899412885168133,47.39009052888889,12596.456,11819.522,5536.0,5760.0,26.395065307617188,23.230161666870117,0.0010346989147365093,0.0009704919066280127,3472.0,3488.0,26.397811889648438,22.218639373779297,0.0012164966901764274,0.0010881985072046518,8528.0,8320.0,34.82695007324219,28.852218627929688,0.0026901327073574066,0.0023469049483537674,8384.0,8288.0,33.576416015625,28.472537994384766,0.004081845283508301,0.0036756666377186775,True,
same drone,green,green,surveys/2026_front_country/summer/data_collection/M3M-green/DCIM/DJI_202606231107_003_6/,158,surveys/2026_front_country/summer/data_collection/M3M-green/DCIM/DJI_202606241157_010_11/,283,2026,summer,13.106771176066346,24.893741754166665,15723.517,17462.234,15568.0,14848.0,140.41848754882812,173.82843017578125,0.004409752786159515,0.004915419965982437,10576.0,9872.0,114.3297119140625,146.83815002441406,0.0042780921794474125,0.0049566784873604774,18608.0,17072.0,173.52566528320312,194.83428955078125,0.010651451535522938,0.011013958603143692,15712.0,14336.0,148.3281707763672,163.05047607421875,0.014273576438426971,0.014349862933158875,True,
same drone,green,green,surveys/2025_front_country/fall/data_collection/M3M-green/DCIM/DJI_202510061310_010_16/,452,surveys/2025_front_country/fall/data_collection/M3M-green/DCIM/DJI_202510081254_007_11/,69,2025,fall,18.27661591328569,47.46908787722222,12454.412,12092.062,11968.0,13008.0,127.59109497070312,123.58920288085938,0.005058675073087215,0.0050468435510993,7936.0,8608.0,130.09893798828125,125.08689880371094,0.0060739703476428986,0.006019697058945894,13744.0,14768.0,109.95816040039062,109.48845672607422,0.008629389107227325,0.0087201576679945,12576.0,13520.0,89.48091125488281,87.99382019042969,0.011061757802963257,0.011140413582324982,True,
same drone,green,green,surveys/2026_front_country/summer/data_collection/M3M-green/DCIM/DJI_202606241220_011_11/,429,surveys/2026_front_country/summer/data_collection/M3M-green/DCIM/DJI_202606231135_004_6/,173,2026,summer,2.688627166794099,24.924847989166665,18004.318,16843.676,,,,,,,,,,,,,,,,,,,,,,,,,False,no registration
same drone,green,green,surveys/2026_front_country/summer/data_collection/M3M-green/DCIM/DJI_202606231039_001_6/,318,surveys/2026_front_country/summer/data_collection/M3M-green/DCIM/DJI_202606241131_009_11/,299,2026,summer,10.812365181493181,24.87035592222222,15109.688,17106.777,13344.0,14352.0,127.13868713378906,160.4681396484375,0.004154912196099758,0.0046319118700921535,7152.0,7632.0,69.92311096191406,93.41668701171875,0.002703774254769087,0.0032104887068271637,14944.0,16272.0,173.7158660888672,206.59341430664062,0.011189931072294712,0.011847101151943207,12960.0,13952.0,155.45823669433594,182.18186950683594,0.01577671617269516,0.016257528215646744,True,
same drone,green,green,surveys/2025_front_country/fall/data_collection/M3M-green/DCIM/DJI_202510091258_008_9/,110,surveys/2025_front_country/fall/data_collection/M3M-green/DCIM/DJI_202510101256_013_8/,64,2025,fall,16.026415739939154,23.936444720833336,12114.778,11854.488,12864.0,13248.0,159.21463012695312,149.91726684570312,0.006489438470453024,0.0062446556985378265,8752.0,9008.0,158.904541015625,148.81259155273438,0.007586964871734381,0.007285088300704956,15360.0,16112.0,134.20887756347656,129.22116088867188,0.01074966974556446,0.010765869170427322,14384.0,15072.0,113.01278686523438,108.36985778808594,0.014034856110811234,0.013650392182171345,True,
same drone,green,green,surveys/2026_front_country/summer/data_collection/M3M-green/DCIM/DJI_202606231107_003_6/,163,surveys/2026_front_country/summer/data_collection/M3M-green/DCIM/DJI_202606241157_010_11/,279,2026,summer,5.690807285520154,24.888701114444444,16016.757,17560.873,12272.0,15024.0,101.8741455078125,158.7442626953125,0.003140718676149845,0.004463664721697569,7056.0,8112.0,66.9605941772461,102.66495513916016,0.002446165308356285,0.00344327325001359,13296.0,16384.0,122.89070129394531,182.113525390625,0.007483504246920347,0.01022789254784584,11760.0,13792.0,113.51414489746094,157.22769165039062,0.010867095552384853,0.01379124354571104,True,
same drone,green,green,surveys/2025_front_country/fall/data_collection/M3M-green/DCIM/DJI_202510091258_008_9/,101,surveys/2025_front_country/fall/data_collection/M3M-green/DCIM/DJI_202510101256_013_8/,53,2025,fall,13.786467245343164,23.936179483055554,12469.259,11915.259,12592.0,12640.0,149.77752685546875,144.93905639648438,0.005931242369115353,0.006006501615047455,8208.0,8384.0,142.28866577148438,138.00970458984375,0.006589912809431553,0.0067196558229625225,15008.0,15472.0,132.22512817382812,130.19793701171875,0.010262731462717056,0.010790694504976273,13712.0,14016.0,109.71302032470703,109.58132934570312,0.013179589062929153,0.013783186674118042,True,
same drone,green,green,surveys/2025_front_country/spring/data_collection/M3M-green/DCIM/DJI_202505021214_014_10/,424,surveys/2025_front_country/spring/data_collection/M3M-green/DCIM/DJI_202505011203_005_15/,179,2025,spring,1.197641128480443,24.36524146416667,16632.576,16683.85,,,,,,,,,,,,,,,,,,,,,,,,,False,no registration
same drone,green,green,surveys/2025_front_country/fall/data_collection/M3M-green/DCIM/DJI_202510061401_012_20/,307,surveys/2025_front_country/fall/data_collection/M3M-green/DCIM/DJI_202510061337_011_16/,306,2025,fall,14.129301709977671,0.4142448858333333,11838.37,11852.347,14064.0,13504.0,165.69064331054688,165.77456665039062,0.006911076605319977,0.006906423252075911,9248.0,8704.0,156.70957946777344,153.02259826660156,0.007694074418395758,0.007525610737502575,15792.0,15376.0,140.19998168945312,138.8897705078125,0.011553199961781502,0.011471772566437721,14080.0,13792.0,113.86964416503906,112.35231018066406,0.014549819752573967,0.014463206753134727,True,
same drone,red,red,surveys/2026_front_country/spring/data_collection/M3M-red/DCIM/DJI_202605011134_023_7/,353,surveys/2026_front_country/spring/data_collection/M3M-red/DCIM/DJI_202604301048_014_6/,209,2026,spring,14.700242379382267,24.89312925388889,20377.879,18074.166,,,,,,,,,,,,,,,,,,,,,,,,,False,no registration
same drone,red,red,surveys/2025_front_country/spring/data_collection/M3M-red/DCIM/DJI_202505061234_005_5/,170,surveys/2025_front_country/spring/data_collection/M3M-red/DCIM/DJI_202505071225_007_1/,463,2025,spring,11.763355250445034,24.068854574166664,21498.439,21959.127,13392.0,13072.0,165.61172485351562,164.74966430664062,0.003846715670078993,0.0037464103661477566,8880.0,8944.0,131.11972045898438,135.40921020507812,0.00382762448862195,0.0038716373965144157,15424.0,15680.0,156.66429138183594,163.20724487304688,0.007829229347407818,0.007888270542025566,13888.0,13744.0,153.6226806640625,158.2852783203125,0.010212147608399391,0.010170218534767628,True,
same drone,red,red,surveys/2025_front_country/spring/data_collection/M3M-red/DCIM/DJI_202505061234_005_5/,60,surveys/2025_front_country/spring/data_collection/M3M-red/DCIM/DJI_202505071225_007_1/,385,2025,spring,16.845886241170668,24.09265153888889,21656.924,21981.977,13664.0,13296.0,164.7723846435547,162.28543090820312,0.003799212398007512,0.0036865381989628077,9136.0,9072.0,133.90757751464844,135.15782165527344,0.003883223980665207,0.0038481582887470722,16240.0,15328.0,157.26754760742188,151.9849090576172,0.007770584896206856,0.007403821684420109,14448.0,14016.0,150.4112548828125,152.09036254882812,0.009908939711749554,0.009821521118283272,True,
same drone,red,red,surveys/2025_front_country/spring/data_collection/M3M-red/DCIM/DJI_202505061206_004_5/,265,surveys/2025_front_country/spring/data_collection/M3M-red/DCIM/DJI_202505071225_007_1/,228,2025,spring,9.045235346313289,24.286311188055556,21117.449,21828.086,13024.0,13712.0,163.43667602539062,183.43252563476562,0.0038646836765110493,0.004196301102638245,8928.0,9200.0,139.2083740234375,155.139892578125,0.004132881760597229,0.0044560544192790985,15552.0,15552.0,144.03799438476562,155.40350341796875,0.007320220582187176,0.007612544111907482,13472.0,13984.0,133.76571655273438,147.9127197265625,0.0090932697057724,0.00963110662996769,True,
same drone,red,red,surveys/2025_front_country/spring/data_collection/M3M-red/DCIM/DJI_202505061206_004_5/,54,surveys/2025_front_country/spring/data_collection/M3M-red/DCIM/DJI_202505071225_007_1/,72,2025,spring,5.41897558587384,24.333185041944443,20820.49,21581.33,14016.0,13552.0,186.53134155273438,193.61346435546875,0.004473699256777763,0.004479847848415375,9424.0,9440.0,159.78939819335938,172.03781127929688,0.004809274338185787,0.004995544441044331,16496.0,16416.0,156.4163818359375,166.4249725341797,0.00805269181728363,0.008233633823692799,14512.0,14704.0,145.697509765625,155.8505096435547,0.010035134851932526,0.010258374735713005,True,
same drone,red,red,surveys/2026_front_country/spring/data_collection/M3M-red/DCIM/DJI_202605011134_023_7/,355,surveys/2026_front_country/spring/data_collection/M3M-red/DCIM/DJI_202604301048_014_6/,211,2026,spring,18.884603631620106,24.893313065277777,20446.486,18224.072,10080.0,8112.0,52.82634735107422,29.872745513916016,0.0012901427689939737,0.0008185319602489471,6912.0,4960.0,40.33095932006836,20.654151916503906,0.0012333637569099665,0.0007012217538431287,13168.0,11520.0,69.73439025878906,40.756492614746094,0.003565707942470908,0.0023109987378120422,12000.0,10160.0,79.8076400756836,49.55961608886719,0.0055603766813874245,0.0038089524023234844,True,
same drone,red,red,surveys/2025_front_country/spring/data_collection/M3M-red/DCIM/DJI_202505061234_005_5/,61,surveys/2025_front_country/spring/data_collection/M3M-red/DCIM/DJI_202505071225_007_1/,384,2025,spring,9.126129656297735,24.091090504444445,21278.93,21500.693,13952.0,13552.0,163.68118286132812,163.43849182128906,0.0038410937413573265,0.003795839147642255,8944.0,9008.0,126.115966796875,132.64334106445312,0.003720287699252367,0.0038817529566586018,16688.0,15792.0,157.4930419921875,156.0518341064453,0.007955010049045086,0.007749335840344429,14432.0,14224.0,149.93270874023438,152.68576049804688,0.010095624253153801,0.010020582005381584,True,
same drone,red,red,surveys/2026_front_country/spring/data_collection/M3M-red/DCIM/DJI_202605011134_023_7/,44,surveys/2026_front_country/spring/data_collection/M3M-red/DCIM/DJI_202604301048_014_6/,91,2026,spring,17.68862617806504,24.7219734275,20155.258,18361.184,,,,,,,,,,,,,,,,,,,,,,,,,False,no registration
same drone,red,red,surveys/2025_front_country/spring/data_collection/M3M-red/DCIM/DJI_202505061206_004_5/,159,surveys/2025_front_country/spring/data_collection/M3M-red/DCIM/DJI_202505071225_007_1/,151,2025,spring,10.860439224985862,24.310406889444444,20738.234,21720.352,13296.0,13216.0,177.187744140625,184.6106414794922,0.004266461357474327,0.004244199488312006,8912.0,8768.0,150.57421875,155.63526916503906,0.004551124759018421,0.004497353918850422,15632.0,15296.0,150.98583984375,156.93264770507812,0.007807995658367872,0.007670506369322538,13632.0,13984.0,141.150634765625,150.8199920654297,0.009748143143951893,0.009809543378651142,True,
same drone,red,red,surveys/2026_front_country/spring/data_collection/M3M-red/DCIM/DJI_202605011134_023_7/,191,surveys/2026_front_country/spring/data_collection/M3M-red/DCIM/DJI_202604301048_014_6/,102,2026,spring,14.114136208796307,24.840627828333332,20146.35,18087.775,,,,,,,,,,,,,,,,,,,,,,,,,False,no registration
same drone,red,red,surveys/2025_front_country/spring/data_collection/M3M-red/DCIM/DJI_202505011352_009_18/,263,surveys/2025_front_country/spring/data_collection/M3M-red/DCIM/DJI_202505011259_008_14/,197,2025,spring,12.44716457250706,0.7954700319444444,21392.234,21478.285,13776.0,13616.0,235.314208984375,228.68695068359375,0.005492852069437504,0.00531676784157753,9088.0,8928.0,202.18215942382812,197.68246459960938,0.0059226034209132195,0.00576791912317276,16304.0,16528.0,226.94180297851562,225.98165893554688,0.011304531246423721,0.011232207529246807,14816.0,14992.0,218.92974853515625,225.68997192382812,0.014535605907440186,0.014939716085791588,True,
same drone,red,red,surveys/2025_front_country/spring/data_collection/M3M-red/DCIM/DJI_202505071225_007_1/,463,surveys/2025_front_country/spring/data_collection/M3M-red/DCIM/DJI_202505061234_005_5/,170,2025,spring,11.763355250445034,24.068854574166664,21959.127,21498.439,13088.0,13376.0,165.02688598632812,165.40673828125,0.003752714954316616,0.003841953817754984,8960.0,8864.0,135.62716674804688,130.97000122070312,0.003877869341522455,0.0038232537917792797,15696.0,15392.0,163.43441772460938,156.44390869140625,0.007899249903857708,0.00781821645796299,13760.0,13872.0,158.47412109375,153.41293334960938,0.010182351805269718,0.010198203846812248,True,
same drone,red,red,surveys/2025_front_country/spring/data_collection/M3M-red/DCIM/DJI_202505071225_007_1/,460,surveys/2025_front_country/spring/data_collection/M3M-red/DCIM/DJI_202505061234_005_5/,167,2025,spring,9.990320765615662,24.068908803055557,21586.775,22104.52,13104.0,13696.0,161.09579467773438,166.40200805664062,0.0037265107966959476,0.003759095910936594,8656.0,8800.0,127.88029479980469,130.74185180664062,0.003719624597579241,0.003702390007674694,16320.0,15872.0,162.7724151611328,160.50396728515625,0.008108720183372498,0.0077689029276371,14480.0,14800.0,158.30206298828125,160.59719848632812,0.010489281266927719,0.010362807661294937,True,
same drone,red,red,surveys/2025_front_country/spring/data_collection/M3M-red/DCIM/DJI_202505061206_004_5/,53,surveys/2025_front_country/spring/data_collection/M3M-red/DCIM/DJI_202505071225_007_1/,74,2025,spring,13.079510809090024,24.335552129444444,21224.516,21742.459,13248.0,12640.0,177.83944702148438,176.00367736816406,0.00418404396623373,0.00404221098870039,8688.0,8448.0,147.05516052246094,150.03733825683594,0.004341632127761841,0.004315750673413277,16048.0,15456.0,157.1798553466797,157.44317626953125,0.007915504276752472,0.007734374143183231,14800.0,14096.0,151.7979736328125,152.07192993164062,0.010224360972642899,0.009924964047968388,True,
same drone,red,red,surveys/2025_front_country/summer/data_collection/M3M-red/DCIM/DJI_202506241132_009_9/,27,surveys/2025_front_country/summer/data_collection/M3M-red/DCIM/_aborted/,120,2025,summer,17.654795469997513,0.5815712441666667,19634.207,17791.197,14000.0,13728.0,201.68934631347656,173.77662658691406,0.005129505880177021,0.0048774415627121925,10112.0,9472.0,196.2215576171875,164.91696166992188,0.006191625259816647,0.005729501601308584,15312.0,15248.0,170.82008361816406,151.26547241210938,0.009122142568230629,0.008864526636898518,13152.0,13472.0,160.67193603515625,147.46925354003906,0.0112121207639575,0.011328114196658134,True,
