kind,prefix,photo,partner_prefix,partner_photo,dist_m,ok,scale,inliers,fine_detail_ratio,edge_px,partner_edge_px,dark_floor,partner_dark_floor,contrast_span_ratio,contrast_cv_ratio,why
soft,surveys/2026_front_country/spring/data_collection/M3M-blue/DCIM/DJI_202604271216_004_19/,56,surveys/2026_front_country/spring/data_collection/M3M-blue/DCIM/DJI_202604271147_003_20/,105,5.884857406291022,True,0.9915549160677705,444.0,0.2423142965766188,4.647176947019646,2.927933293627159,0.34306569343065696,0.23880597014925373,0.826793563737549,0.7813348434421961,
soft,surveys/2026_front_country/spring/data_collection/M3M-blue/DCIM/DJI_202604271216_004_19/,90,surveys/2026_front_country/spring/data_collection/M3M-green/DCIM/DJI_202604271302_010_16/,233,5.981038463225224,True,0.9219392610579933,381.0,0.46368646695674876,4.30804575227295,3.38985321528425,0.5572519083969466,0.6259541984732825,1.050420168067227,1.0603503734882824,
soft,surveys/2026_front_country/spring/data_collection/M3M-blue/DCIM/DJI_202604271216_004_19/,124,surveys/2026_front_country/spring/data_collection/M3M-blue/DCIM/DJI_202604271147_003_20/,178,8.547987284700602,True,1.0007132070122238,339.0,0.26130345659301546,4.523268509041283,3.00227547265219,0.2857142857142857,0.18518518518518517,0.8826413860738803,0.8366181835183507,
soft,surveys/2026_front_country/spring/data_collection/M3M-blue/DCIM/DJI_202604271216_004_19/,192,surveys/2026_front_country/spring/data_collection/M3M-blue/DCIM/DJI_202604271147_003_20/,248,9.181929480445227,True,0.9845730328059055,204.0,0.2572500605403585,4.544325481798715,3.010174580229067,0.5,0.4028776978417266,0.8502729154903068,0.8115465000265191,
soft,surveys/2026_front_country/spring/data_collection/M3M-blue/DCIM/DJI_202604281037_008_4/,115,surveys/2026_front_country/spring/data_collection/M3M-red/DCIM/DJI_202604301348_022_0/,195,19.801611351754094,False,,,,,,,,,,no registration
soft,surveys/2026_front_country/spring/data_collection/M3M-blue/DCIM/DJI_202604281037_008_4/,178,surveys/2026_front_country/spring/data_collection/M3M-blue/DCIM/DJI_202604281423_017_9/,307,3.7513616375237064,False,,,,,,,,,,no registration
soft,surveys/2026_front_country/spring/data_collection/M3M-blue/DCIM/DJI_202604281037_008_4/,334,surveys/2026_front_country/spring/data_collection/M3M-blue/DCIM/DJI_202604281423_017_9/,149,10.716372187908616,False,,,,,,,,,,no registration
soft,surveys/2026_front_country/spring/data_collection/M3M-blue/DCIM/DJI_202604281037_008_4/,397,surveys/2026_front_country/spring/data_collection/M3M-red/DCIM/DJI_202604301348_022_0/,51,11.429015296185623,True,0.9897915864109554,70.0,0.23118863496287018,4.183982381318605,2.7907884042264968,0.6044776119402985,0.45112781954887216,0.8089858924555305,0.8034584220752539,
soft,surveys/2026_front_country/spring/data_collection/M3M-blue/DCIM/DJI_202604281106_010_4/,333,surveys/2026_front_country/spring/data_collection/M3M-red/DCIM/DJI_202604301318_020_0/,189,8.50617910331719,False,,,,,,,,,,no registration
soft,surveys/2026_front_country/spring/data_collection/M3M-blue/DCIM/DJI_202604281106_010_4/,471,surveys/2026_front_country/spring/data_collection/M3M-red/DCIM/DJI_202604301318_020_0/,124,22.40054600554568,False,,,,,,,,,,no registration
soft,surveys/2026_front_country/spring/data_collection/M3M-blue/DCIM/DJI_202604281205_013_4/,77,surveys/2026_front_country/spring/data_collection/M3M-blue/DCIM/DJI_202604281249_014_9/,355,8.6248092391564,True,0.9959473385660745,346.0,0.7750422120876976,3.9654968933319448,3.8220673240394425,0.3442622950819672,0.34959349593495936,1.0025006946373993,1.0138671486310167,
soft,surveys/2026_front_country/spring/data_collection/M3M-blue/DCIM/DJI_202604281205_013_4/,182,surveys/2026_front_country/spring/data_collection/M3M-blue/DCIM/DJI_202604281249_014_9/,198,7.843224290541422,True,1.008382901416603,359.0,0.4419029815888504,4.319446088294472,3.6011405138719805,0.4409448818897638,0.35877862595419846,0.9264934697534065,0.8967112065344319,
soft,surveys/2026_front_country/spring/data_collection/M3M-blue/DCIM/DJI_202604281205_013_4/,266,surveys/2026_front_country/spring/data_collection/M3M-blue/DCIM/DJI_202604281249_014_9/,49,7.052044593443425,True,1.0329721532013072,382.0,0.3573434407263396,4.462075264888564,3.6268074735987,0.5083333333333333,0.3282442748091603,0.8920476190476191,0.8815078874968647,
soft,surveys/2026_front_country/spring/data_collection/M3M-blue/DCIM/DJI_202604301043_019_5/,56,surveys/2026_front_country/spring/data_collection/M3M-red/DCIM/DJI_202604301348_022_0/,195,14.562609503996372,False,,,,,,,,,,no registration
soft,surveys/2026_front_country/spring/data_collection/M3M-blue/DCIM/DJI_202604301043_019_5/,125,surveys/2026_front_country/spring/data_collection/M3M-blue/DCIM/DJI_202604281501_018_9/,11,12.529007014436608,False,,,,,,,,,,no registration
soft,surveys/2026_front_country/spring/data_collection/M3M-blue/DCIM/DJI_202605011139_030_11/,246,surveys/2026_front_country/spring/data_collection/M3M-red/DCIM/DJI_202604301111_016_6/,85,4.4504520706049115,True,1.056336803271128,155.0,0.13623613341494997,4.904392396953086,2.933849192391981,0.06299212598425197,0.08695652173913043,0.9310191859820339,0.9282466186467128,
soft,surveys/2026_front_country/spring/data_collection/M3M-blue/DCIM/DJI_202605021025_036_14/,236,surveys/2026_front_country/spring/data_collection/M3M-green/DCIM/DJI_202605021340_040_18/,148,15.73730471730916,True,1.0400773884114296,246.0,0.3837732542241709,3.936507406913119,3.1813546977421705,0.5193798449612403,0.5035971223021583,0.9939907457484526,0.9923949264728817,
soft,surveys/2026_front_country/spring/data_collection/M3M-blue/DCIM/DJI_202605021025_036_14/,307,surveys/2026_front_country/spring/data_collection/M3M-blue/DCIM/DJI_202604281316_015_9/,236,9.287005166054286,True,0.9480157782833241,185.0,0.26425729099046674,4.94939540085273,3.3496754163138585,0.5114503816793893,0.5827338129496403,1.0989640130861504,1.0866287423237795,
soft,surveys/2026_front_country/spring/data_collection/M3M-blue/DCIM/DJI_202605021025_036_14/,379,surveys/2026_front_country/spring/data_collection/M3M-green/DCIM/DJI_202605021340_040_18/,79,22.103542332578183,True,1.0294323435504809,211.0,0.28232510235005875,4.753098294550701,3.555387931034483,0.5275590551181102,0.5037593984962406,0.9750203638338312,0.9487541705898546,
soft,surveys/2026_front_country/spring/data_collection/M3M-blue/DCIM/DJI_202605021054_038_14/,230,surveys/2026_front_country/spring/data_collection/M3M-green/DCIM/DJI_202605021314_039_18/,364,23.144860111702208,True,1.0786336701132926,249.0,0.4739001916005222,4.42343708783962,3.7662206126081887,0.3951612903225806,0.3308270676691729,0.9254838709677419,0.9380655791156753,
soft,surveys/2026_front_country/spring/data_collection/M3M-blue/DCIM/DJI_202605021054_038_14/,369,surveys/2026_front_country/spring/data_collection/M3M-green/DCIM/DJI_202605021314_039_18/,286,13.334929581630643,True,1.0182388969964002,135.0,0.724301690084537,3.393088811167907,3.0959647338080707,0.375,0.3464566929133858,1.006161971830986,1.0055019302980732,
soft,surveys/2026_front_country/spring/data_collection/M3M-blue/DCIM/DJI_202605021054_038_14/,508,surveys/2026_front_country/spring/data_collection/M3M-green/DCIM/DJI_202605021314_039_18/,220,15.781971021152492,True,1.0435358728029138,185.0,0.4729671336714305,3.8579358900585587,3.2344657684236138,0.5151515151515151,0.47368421052631576,0.9479166666666666,0.9056066792153936,
soft,surveys/2026_front_country/spring/data_collection/M3M-blue/DCIM/DJI_202605021121_039_14/,182,surveys/2026_front_country/spring/data_collection/M3M-blue/DCIM/DJI_202604281423_017_9/,228,31.010798490987792,True,0.8806358634347113,120.0,1.1055969387941529,3.9697611030944366,4.241345445617481,0.6,0.6766917293233082,1.072369714847591,1.1045490771479052,
soft,surveys/2026_front_country/spring/data_collection/M3M-blue/DCIM/DJI_202605021121_039_14/,246,surveys/2026_front_country/spring/data_collection/M3M-green/DCIM/DJI_202605021314_039_18/,53,8.430000842237387,True,1.033612447887556,427.0,0.36666330183824497,4.220062741138715,3.2733361239012138,0.5671641791044776,0.48148148148148145,0.8356473446719889,0.8324121096693801,
soft,surveys/2026_front_country/spring/data_collection/M3M-blue/DCIM/DJI_202605021147_041_14/,77,surveys/2026_front_country/spring/data_collection/M3M-red/DCIM/DJI_202605021242_025_15/,9,12.06524335347584,True,0.9332957786197998,276.0,0.35832268495854896,4.197446172655029,3.213116663754441,0.6015625,0.4962962962962963,0.8317454268292683,0.805807142150338,
soft,surveys/2026_front_country/spring/data_collection/M3M-blue/DCIM/DJI_202605021147_041_14/,93,surveys/2026_front_country/spring/data_collection/M3M-red/DCIM/DJI_202605021242_026_15/,5,8.46003255831952,True,1.002984557593747,510.0,0.23066862410268268,4.472929009280504,2.9833027126337406,0.6031746031746031,0.40476190476190477,0.708955223880597,0.6739480347917248,
soft,surveys/2026_front_country/spring/data_collection/M3M-blue/DCIM/DJI_202605021147_041_14/,110,surveys/2026_front_country/spring/data_collection/M3M-red/DCIM/DJI_202605021242_026_15/,18,8.63811032400784,True,0.9995370208720127,435.0,0.2883463622067989,4.8372110705596105,3.3822512817558614,0.6212121212121212,0.4701492537313433,0.7382920110192837,0.7201488195868715,
soft,surveys/2026_front_country/spring/data_collection/M3M-blue/DCIM/DJI_202605021147_041_14/,127,surveys/2026_front_country/spring/data_collection/M3M-red/DCIM/DJI_202605021242_026_15/,30,6.8661702129043904,True,0.9885972753213087,264.0,0.31791107370136096,4.657395126757361,3.330554972566186,0.6014492753623188,0.5111111111111111,0.8019976498237369,0.8020549622274524,
soft,surveys/2026_front_country/spring/data_collection/M3M-blue/DCIM/DJI_202605021147_041_14/,143,surveys/2026_front_country/spring/data_collection/M3M-red/DCIM/DJI_202605021242_026_15/,42,6.699368337614064,True,1.008446859591429,367.0,0.2563997293602582,4.384417999256229,3.077543208444496,0.5074626865671642,0.43609022556390975,0.8903643546971027,0.8272538487818843,
soft,surveys/2026_front_country/spring/data_collection/M3M-blue/DCIM/DJI_202605021147_041_14/,160,surveys/2026_front_country/spring/data_collection/M3M-green/DCIM/DJI_202605021247_038_18/,220,16.935761852955718,True,0.9765066417819005,431.0,0.2802200741338598,4.48355480162096,3.133816582505294,0.5611510791366906,0.48905109489051096,0.849142224681793,0.8313220115272334,
soft,surveys/2026_front_country/spring/data_collection/M3M-green/DCIM/DJI_202604281046_011_3/,110,surveys/2026_front_country/spring/data_collection/M3M-red/DCIM/DJI_202604281158_013_8/,90,11.786981573814257,True,1.0062107402425018,166.0,0.14382728832962657,5.242555663117135,3.0037708528160727,0.46846846846846846,0.2903225806451613,0.9013104013104013,0.7698026778675926,
soft,surveys/2026_front_country/spring/data_collection/M3M-green/DCIM/DJI_202604281046_011_3/,319,surveys/2026_front_country/spring/data_collection/M3M-red/DCIM/DJI_202604281125_011_8/,553,21.18870481623732,True,0.9194302623797146,151.0,0.25755026692770533,4.907437245590231,2.906282245827011,0.6724137931034483,0.4672131147540984,0.6984732824427481,0.6376231580646238,
soft,surveys/2026_front_country/spring/data_collection/M3M-green/DCIM/DJI_202604291021_017_10/,54,surveys/2026_front_country/spring/data_collection/M3M-blue/DCIM/DJI_202604281501_018_9/,23,12.831397302812116,False,,,,,,,,,,no registration
soft,surveys/2026_front_country/spring/data_collection/M3M-green/DCIM/DJI_202604291021_017_10/,87,surveys/2026_front_country/spring/data_collection/M3M-blue/DCIM/DJI_202604281501_018_9/,52,9.984711019877867,False,,,,,,,,,,no registration
soft,surveys/2026_front_country/spring/data_collection/M3M-green/DCIM/DJI_202604291021_017_10/,120,surveys/2026_front_country/spring/data_collection/M3M-red/DCIM/DJI_202605021242_025_15/,1,18.88977834531588,True,0.9595725035114241,139.0,0.2800919146860416,5.638343069569835,3.842131708695789,0.5,0.5072463768115942,1.0703960512398636,0.9961768543778727,
soft,surveys/2026_front_country/spring/data_collection/M3M-green/DCIM/DJI_202604291021_017_10/,153,surveys/2026_front_country/spring/data_collection/M3M-blue/DCIM/DJI_202604281501_018_9/,116,8.359489494783825,True,0.9794611709619632,42.0,0.07639986295599605,6.354497354497354,3.2407711120702056,0.25984251968503935,0.3208955223880597,1.1137357830271215,1.0961112080064288,
soft,surveys/2026_front_country/spring/data_collection/M3M-green/DCIM/DJI_202604291021_017_10/,252,surveys/2026_front_country/spring/data_collection/M3M-blue/DCIM/DJI_202604281501_018_9/,173,4.71206977417302,True,0.9826470899903462,65.0,0.15648012296621472,5.490538359982397,3.2361292892505547,0.16129032258064516,0.32592592592592595,1.1601004759386566,1.1394500197298296,
soft,surveys/2026_front_country/spring/data_collection/M3M-green/DCIM/DJI_202604291021_017_10/,284,surveys/2026_front_country/spring/data_collection/M3M-red/DCIM/DJI_202605021242_026_15/,107,1.0910262288052297,True,1.026760935675272,177.0,0.05784810897577075,5.391167750785433,2.954303722670869,0.4083333333333333,0.4492753623188406,1.2026717557251907,1.243881382810515,
soft,surveys/2026_front_country/spring/data_collection/M3M-green/DCIM/DJI_202604291051_018_10/,59,surveys/2026_front_country/spring/data_collection/M3M-red/DCIM/DJI_202605021242_026_15/,321,3.2091724869692717,True,1.014853077586635,156.0,0.14671848167183504,5.505897303522497,2.891682732029744,0.3793103448275862,0.3851851851851852,1.0183189655172415,0.9595555554634855,
soft,surveys/2026_front_country/spring/data_collection/M3M-green/DCIM/DJI_202604291051_018_10/,528,surveys/2026_front_country/spring/data_collection/M3M-red/DCIM/DJI_202605021311_028_15/,261,4.127400866091009,False,,,,,,,,,,no registration
soft,surveys/2026_front_country/spring/data_collection/M3M-green/DCIM/DJI_202605011105_032_12/,126,surveys/2026_front_country/spring/data_collection/M3M-red/DCIM/DJI_202605011203_024_7/,275,17.26704912403475,False,,,,,,,,,,no registration
soft,surveys/2026_front_country/spring/data_collection/M3M-green/DCIM/DJI_202605011105_032_12/,368,surveys/2026_front_country/spring/data_collection/M3M-red/DCIM/DJI_202605011203_024_7/,105,5.423826298806321,True,0.9819537513257179,50.0,0.2660312724798319,4.096076738017396,2.8346824824343457,0.06060606060606061,0.04807692307692308,1.0146341463414634,0.9906926534535307,
soft,surveys/2026_front_country/spring/data_collection/M3M-green/DCIM/DJI_202605021029_036_13/,70,surveys/2026_front_country/spring/data_collection/M3M-blue/DCIM/DJI_202605021208_042_14/,74,5.438692651803209,True,0.8631532924155482,284.0,0.09822189110600141,5.638464391691395,3.097462561269532,0.2920353982300885,0.13333333333333333,0.9547311095983662,0.8687857679760528,
soft,surveys/2026_front_country/spring/data_collection/M3M-green/DCIM/DJI_202605021029_036_13/,113,surveys/2026_front_country/spring/data_collection/M3M-blue/DCIM/DJI_202605021208_042_14/,106,5.726702525003876,True,0.9922280575548466,339.0,0.08851043724748899,5.507434859715338,3.1743958994386134,0.336283185840708,0.16216216216216217,0.9117767188563649,0.8985403481962483,
soft,surveys/2026_front_country/spring/data_collection/M3M-green/DCIM/DJI_202605021029_036_13/,156,surveys/2026_front_country/spring/data_collection/M3M-blue/DCIM/DJI_202605021208_042_14/,144,13.438819909955445,True,0.9615625020567377,479.0,0.16624461395906973,5.569188337273443,3.2360570687418937,0.38738738738738737,0.23076923076923078,0.8184419713831479,0.7996963981906307,
soft,surveys/2026_front_country/spring/data_collection/M3M-green/DCIM/DJI_202605021029_036_13/,199,surveys/2026_front_country/spring/data_collection/M3M-blue/DCIM/DJI_202604281249_014_9/,274,5.723440218711562,True,0.96783008724753,293.0,0.22573028213387855,5.441820590756761,3.582693085321472,0.5234375,0.5285714285714286,1.0856481481481481,1.011782208459763,
soft,surveys/2026_front_country/spring/data_collection/M3M-green/DCIM/DJI_202605021029_036_13/,328,surveys/2026_front_country/spring/data_collection/M3M-blue/DCIM/DJI_202605021208_042_14/,226,20.440437690561094,True,0.9831651004935464,237.0,0.1138626724116167,6.224422050978068,3.371755050864845,0.36363636363636365,0.2846715328467153,0.8977969882877858,0.8816697566754986,
soft,surveys/2026_front_country/spring/data_collection/M3M-green/DCIM/DJI_202605021029_036_13/,501,surveys/2026_front_country/spring/data_collection/M3M-red/DCIM/DJI_202604281158_013_8/,139,19.84129193434409,True,0.8901867625984229,145.0,0.15643474611645006,6.045021645021645,3.191489977986328,0.4523809523809524,0.5303030303030303,0.9879984514130855,0.940924083693311,
soft,surveys/2026_front_country/spring/data_collection/M3M-green/DCIM/DJI_202605021057_037_13/,74,surveys/2026_front_country/spring/data_collection/M3M-red/DCIM/DJI_202604281125_011_8/,506,21.695176898581472,False,,,,,,,,,,scale 0.79
soft,surveys/2026_front_country/spring/data_collection/M3M-green/DCIM/DJI_202605021057_037_13/,187,surveys/2026_front_country/spring/data_collection/M3M-red/DCIM/DJI_202604281125_011_8/,392,23.647693959190857,True,0.8565473174059478,124.0,0.06230209642314879,5.7653441165872605,3.250618447402521,0.4603174603174603,0.18487394957983194,0.8677382966723068,0.8630307331741315,
soft,surveys/2026_front_country/spring/data_collection/M3M-green/DCIM/DJI_202605021057_037_13/,299,surveys/2026_front_country/spring/data_collection/M3M-red/DCIM/DJI_202604281125_011_8/,288,21.211296015237288,True,0.9204926487088605,127.0,0.08495668973056995,5.07141410458946,2.961619798811157,0.35454545454545455,0.1623931623931624,0.9635913591359135,0.9612418519385418,
soft,surveys/2026_front_country/spring/data_collection/M3M-green/DCIM/DJI_202605021057_037_13/,412,surveys/2026_front_country/spring/data_collection/M3M-red/DCIM/DJI_202604281125_011_8/,182,17.5097676192044,True,0.9644001203432419,88.0,0.056203078248722414,5.044225856875977,2.474057207912338,0.25,0.27927927927927926,1.033470206264324,1.044686907540135,
soft,surveys/2026_front_country/summer/data_collection/M3M-blue/DCIM/DJI_202606221045_002_19/,68,surveys/2026_front_country/summer/data_collection/M3M-blue/DCIM/DJI_202606251114_019_15/,448,7.617987505015076,True,0.9330323197640353,399.0,0.5094924589332849,3.8484313972533704,3.0198962447680247,0.45454545454545453,0.6,1.3287002253944402,1.3760703249663941,
soft,surveys/2026_front_country/summer/data_collection/M3M-blue/DCIM/DJI_202606221045_002_19/,193,surveys/2026_front_country/summer/data_collection/M3M-blue/DCIM/DJI_202606251114_019_15/,301,6.13117185963933,True,1.0084424684809943,521.0,0.40444174749030626,3.898498340617093,3.009109644275858,0.46774193548387094,0.5298507462686567,1.1333595594020456,1.1576663308535733,
soft,surveys/2026_front_country/summer/data_collection/M3M-blue/DCIM/DJI_202606231200_006_5/,298,surveys/2026_front_country/summer/data_collection/M3M-red/DCIM/DJI_202606300842_003_10/,279,4.196192170392554,False,,,,,,,,,,no registration
soft,surveys/2026_front_country/summer/data_collection/M3M-blue/DCIM/DJI_202606231200_006_5/,360,surveys/2026_front_country/summer/data_collection/M3M-green/DCIM/DJI_202606231203_005_6/,86,6.293862758081808,True,1.0109244096248728,183.0,0.2026651202258822,5.149746274928084,3.2348897009067534,0.1523809523809524,0.0975609756097561,0.7478961955152432,0.8426896787507163,
soft,surveys/2026_front_country/summer/data_collection/M3M-blue/DCIM/DJI_202606231200_006_5/,391,surveys/2026_front_country/summer/data_collection/M3M-green/DCIM/DJI_202606231203_005_6/,49,11.845858117056476,True,1.003089303208801,158.0,0.3392734365420928,3.7395775085430256,2.7794732497137224,0.1076923076923077,0.06666666666666667,0.8857808857808858,0.8078683860893173,
soft,surveys/2026_front_country/summer/data_collection/M3M-blue/DCIM/DJI_202606231200_006_5/,422,surveys/2026_front_country/summer/data_collection/M3M-red/DCIM/DJI_202606261048_001_10/,186,11.067845236345933,False,,,,,,,,,,no registration
soft,surveys/2026_front_country/summer/data_collection/M3M-blue/DCIM/DJI_202606231200_006_5/,453,surveys/2026_front_country/summer/data_collection/M3M-green/DCIM/DJI_202606231135_004_6/,593,8.522333247491757,True,0.9650045107944714,91.0,0.2882456682622496,4.041517581739667,2.985137667960191,0.09411764705882353,0.06153846153846154,0.7840166369578134,0.8675400174557105,
soft,surveys/2026_front_country/summer/data_collection/M3M-blue/DCIM/DJI_202606241101_014_7/,96,surveys/2026_front_country/summer/data_collection/M3M-green/DCIM/DJI_202606231203_005_6/,309,8.085802857633645,False,,,,,,,,,,no registration
soft,surveys/2026_front_country/summer/data_collection/M3M-blue/DCIM/DJI_202606241101_014_7/,352,surveys/2026_front_country/summer/data_collection/M3M-red/DCIM/DJI_202606241108_006_12/,217,4.8397453058023885,True,1.0346573647429265,353.0,0.15538204985416773,4.617256637168142,2.8127962085308056,0.13186813186813187,0.060240963855421686,0.8562457950213052,0.8992063153425416,
soft,surveys/2026_front_country/summer/data_collection/M3M-blue/DCIM/DJI_202606241101_014_7/,425,surveys/2026_front_country/summer/data_collection/M3M-green/DCIM/DJI_202606231203_005_6/,186,11.323516709689173,False,,,,,,,,,,no registration
soft,surveys/2026_front_country/summer/data_collection/M3M-blue/DCIM/DJI_202606241101_014_7/,498,surveys/2026_front_country/summer/data_collection/M3M-red/DCIM/DJI_202606241108_006_12/,293,17.331291735091646,True,1.0054074754507167,69.0,0.2398787271061528,4.172042667347982,2.8093265920826163,0.13186813186813187,0.07317073170731707,0.8105122390836678,0.8684073534078959,
soft,surveys/2026_front_country/summer/data_collection/M3M-blue/DCIM/DJI_202606301005_007_9/,185,surveys/2026_front_country/summer/data_collection/M3M-green/DCIM/DJI_202606300849_002_4/,212,11.52574419394376,True,1.0747952828275338,82.0,0.43041096631043696,3.554073500110693,2.6794709329954065,0.33962264150943394,0.37383177570093457,0.967122359055474,0.9789725964101074,
soft,surveys/2026_front_country/summer/data_collection/M3M-blue/DCIM/DJI_202606301005_007_9/,241,surveys/2026_front_country/summer/data_collection/M3M-green/DCIM/DJI_202606251255_017_14/,510,11.259299301909648,True,1.0887452683146406,63.0,0.44835678512417254,3.907689501048983,3.331556968337073,0.6564885496183206,0.7071428571428572,1.0944541524878137,1.1348669666020494,
soft,surveys/2026_front_country/summer/data_collection/M3M-blue/DCIM/DJI_202606301005_007_9/,269,surveys/2026_front_country/summer/data_collection/M3M-red/DCIM/DJI_202606301025_010_10/,288,15.115995293841605,True,0.983469835891329,246.0,0.2447868296112418,4.461135837635749,2.869382313731299,0.4126984126984127,0.36363636363636365,0.9746835443037974,0.9500038709394574,
soft,surveys/2026_front_country/summer/data_collection/M3M-blue/DCIM/DJI_202606301005_007_9/,297,surveys/2026_front_country/summer/data_collection/M3M-green/DCIM/DJI_202606261057_001_4/,62,7.9425924708658995,True,1.0720117680622834,53.0,0.2692285596468924,3.945333414456072,2.7038897850173202,0.3185840707964602,0.4330708661417323,1.2109049386240365,1.2290178991078273,
soft,surveys/2026_front_country/summer/data_collection/M3M-blue/DCIM/DJI_202606301005_007_9/,324,surveys/2026_front_country/summer/data_collection/M3M-red/DCIM/DJI_202606301025_010_10/,255,17.355038517132574,True,1.0009259916422877,149.0,0.3170125002404828,3.69814200398142,2.630591950361486,0.5737704918032787,0.42063492063492064,0.7821841851494697,0.7602979562758373,
soft,surveys/2026_front_country/summer/data_collection/M3M-blue/DCIM/DJI_202606301005_007_9/,380,surveys/2026_front_country/summer/data_collection/M3M-red/DCIM/DJI_202606301025_010_10/,198,12.958457348197362,True,0.9938665218840782,244.0,0.37848650023501706,3.886381752406647,2.94001053419455,0.3944954128440367,0.32710280373831774,0.9038375475497874,0.8868448918915955,
soft,surveys/2026_front_country/summer/data_collection/M3M-green/DCIM/DJI_202606251239_016_14/,50,surveys/2026_front_country/summer/data_collection/M3M-blue/DCIM/DJI_202606300940_005_9/,256,13.755046622151617,True,1.0055983127524113,54.0,0.09820369419209529,4.421701363614305,2.5236116954143877,0.78125,0.4921875,0.4496124031007752,0.43645233081906976,
soft,surveys/2026_front_country/summer/data_collection/M3M-green/DCIM/DJI_202606251239_016_14/,126,surveys/2026_front_country/summer/data_collection/M3M-red/DCIM/DJI_202606251026_013_18/,178,15.431753389841866,True,1.0166731494384618,228.0,0.09425021079618888,5.775710357470211,2.958058995852307,0.728,0.48,0.5793103448275863,0.6214080992611022,
soft,surveys/2026_front_country/summer/data_collection/M3M-green/DCIM/DJI_202606251239_016_14/,203,surveys/2026_front_country/summer/data_collection/M3M-blue/DCIM/DJI_202606300940_005_9/,267,13.379564751942384,True,1.0366702908203593,77.0,0.11697878623673762,4.4911427145708585,2.625339664589795,0.7769784172661871,0.4830508474576271,0.4244604316546763,0.38923744659253046,
soft,surveys/2026_front_country/summer/data_collection/M3M-green/DCIM/DJI_202606251239_016_14/,279,surveys/2026_front_country/summer/data_collection/M3M-red/DCIM/DJI_202606251026_013_18/,126,15.967923923595917,True,1.0711125691623873,178.0,0.07539860673247765,5.877551020408164,2.9688028949979572,0.6785714285714286,0.448,0.6527093596059114,0.6088442160266031,
soft,surveys/2026_front_country/summer/data_collection/M3M-red/DCIM/DJI_202606251056_014_18/,54,surveys/2026_front_country/summer/data_collection/M3M-green/DCIM/DJI_202606251122_013_14/,83,16.063026892810903,True,1.001644854605189,263.0,0.24950865609454995,4.358710237587813,3.2912064016700007,0.2890625,0.1732283464566929,0.8660133670520231,0.8169584475848977,
soft,surveys/2026_front_country/summer/data_collection/M3M-red/DCIM/DJI_202606251056_014_18/,60,surveys/2026_front_country/summer/data_collection/M3M-red/DCIM/DJI_202606251241_015_13/,3,12.186507244608809,True,1.0944909049168206,248.0,0.25420742658118134,5.161057220280407,3.2333815271846946,0.46923076923076923,0.4881889763779528,1.0315336837075968,0.9989801609966801,
control,surveys/2026_front_country/summer/data_collection/M3M-green/DCIM/DJI_202606261057_001_4/,21,surveys/2026_front_country/summer/data_collection/M3M-blue/DCIM/DJI_202606231033_001_5/,259,2.5331046963123325,True,0.9994439068012817,180.0,0.8827245919639268,2.6852353884273428,2.900363777734581,0.7132352941176471,0.4112903225806452,0.48673153471915087,0.46105327080427555,
control,surveys/2026_front_country/summer/data_collection/M3M-green/DCIM/DJI_202606261057_001_4/,33,surveys/2026_front_country/summer/data_collection/M3M-green/DCIM/DJI_202606300849_002_4/,33,6.309550099474571,True,1.0046542739268214,190.0,0.5916117058254088,2.8536021150033046,2.7008366432857263,0.472,0.4365079365079365,0.818086956521739,0.7902056938623376,
control,surveys/2026_front_country/summer/data_collection/M3M-green/DCIM/DJI_202606261057_001_4/,46,surveys/2026_front_country/summer/data_collection/M3M-green/DCIM/DJI_202606300849_002_4/,46,10.196420629930346,True,0.9905635826926273,59.0,0.5981351046471985,2.8623243933588762,2.6540982186678983,0.4573643410852713,0.49572649572649574,0.8027969830295413,0.7507543670569287,
control,surveys/2026_front_country/summer/data_collection/M3M-green/DCIM/DJI_202606261057_001_4/,58,surveys/2026_front_country/summer/data_collection/M3M-red/DCIM/DJI_202606301025_010_10/,313,4.395827428476659,True,1.004680747725302,152.0,1.2232843132452782,2.6725839855832594,2.840661235969963,0.4274193548387097,0.24761904761904763,0.7216825513196481,0.6864227947465263,
control,surveys/2026_front_country/summer/data_collection/M3M-green/DCIM/DJI_202606261057_001_4/,70,surveys/2026_front_country/summer/data_collection/M3M-green/DCIM/DJI_202606300849_002_4/,71,4.7123232311816565,True,0.9884230819929946,165.0,0.5770282344464797,2.585290902106787,2.417081588774471,0.4251968503937008,0.4583333333333333,0.9005905511811023,0.8843151097634655,
control,surveys/2026_front_country/summer/data_collection/M3M-green/DCIM/DJI_202606261057_001_4/,83,surveys/2026_front_country/summer/data_collection/M3M-green/DCIM/DJI_202606300849_002_4/,84,0.11333096477824595,True,1.003125412853033,208.0,0.5754566645283369,2.8226450936722127,2.4195205971006173,0.7404580152671756,0.5546218487394958,0.5114503816793893,0.5201492936658788,
control,surveys/2026_front_country/spring/data_collection/M3M-blue/DCIM/DJI_202604271147_003_20/,144,surveys/2026_front_country/spring/data_collection/M3M-red/DCIM/DJI_202605021408_032_15/,272,6.068484659848136,True,1.0268566584095895,400.0,1.5369883416859316,3.198986707653773,3.4665189561792222,0.49242424242424243,0.6194029850746269,1.3305383936451898,1.2859754959634369,
control,surveys/2026_front_country/spring/data_collection/M3M-blue/DCIM/DJI_202604281249_014_9/,67,surveys/2026_front_country/spring/data_collection/M3M-red/DCIM/DJI_202604281158_013_8/,208,15.179165046530374,True,0.9804128580144241,500.0,0.7903731583968086,3.2375678610206298,2.899055939955436,0.344,0.373015873015873,1.0383614457831327,1.0228135635827629,
control,surveys/2026_front_country/spring/data_collection/M3M-blue/DCIM/DJI_202604281249_014_9/,108,surveys/2026_front_country/spring/data_collection/M3M-red/DCIM/DJI_202604281158_013_8/,236,17.15572571350376,True,0.9790997504039132,186.0,0.41436559709651105,3.805127861828893,3.0860773792713925,0.549618320610687,0.5,0.95186598812553,0.9765058496102359,
control,surveys/2026_front_country/spring/data_collection/M3M-blue/DCIM/DJI_202604281249_014_9/,148,surveys/2026_front_country/spring/data_collection/M3M-red/DCIM/DJI_202604281158_013_8/,266,13.728799103468209,True,0.9772457111100898,164.0,0.8339606194095927,3.683940131852468,3.2989006082928736,0.4338235294117647,0.5620437956204379,1.1851211072664358,1.1111524449953798,
control,surveys/2026_front_country/spring/data_collection/M3M-blue/DCIM/DJI_202604281249_014_9/,189,surveys/2026_front_country/spring/data_collection/M3M-red/DCIM/DJI_202604281158_013_8/,205,31.1677037671615,True,1.0154789368003023,186.0,0.7386957599048317,3.293789929451661,2.8460872237588357,0.6397058823529411,0.5693430656934306,0.879144385026738,0.8493647753685247,
control,surveys/2026_front_country/spring/data_collection/M3M-blue/DCIM/DJI_202604281249_014_9/,230,surveys/2026_front_country/spring/data_collection/M3M-red/DCIM/DJI_202604281158_013_8/,293,24.890093081410697,True,1.021559835859072,233.0,0.9338090184721831,3.336834208552138,3.039032114679409,0.572463768115942,0.5895522388059702,1.0383125269048645,1.0472989945247442,
control,surveys/2026_front_country/spring/data_collection/M3M-blue/DCIM/DJI_202604281249_014_9/,270,surveys/2026_front_country/spring/data_collection/M3M-red/DCIM/DJI_202604281158_013_8/,321,16.703322158669444,True,1.0409281428463792,183.0,0.8315822035948613,3.554981708629223,3.055520768106867,0.5441176470588235,0.5703125,0.9925133689839571,0.977963209567568,
control,surveys/2026_front_country/summer/data_collection/M3M-blue/DCIM/DJI_202606231033_001_5/,57,surveys/2026_front_country/summer/data_collection/M3M-green/DCIM/DJI_202606300849_002_4/,144,4.973344252378767,False,,,,,,,,,,no registration
control,surveys/2026_front_country/summer/data_collection/M3M-blue/DCIM/DJI_202606231033_001_5/,92,surveys/2026_front_country/summer/data_collection/M3M-green/DCIM/DJI_202606300849_002_4/,179,4.520347582663844,False,,,,,,,,,,no registration
control,surveys/2026_front_country/summer/data_collection/M3M-blue/DCIM/DJI_202606231033_001_5/,127,surveys/2026_front_country/summer/data_collection/M3M-red/DCIM/DJI_202606301025_010_10/,312,1.4621288289233618,True,0.9967955356503924,536.0,0.927675415380254,2.8950332821300564,2.8355928556057672,0.10810810810810811,0.22857142857142856,1.056922844632342,1.1611915515246274,
control,surveys/2026_front_country/summer/data_collection/M3M-blue/DCIM/DJI_202606231033_001_5/,162,surveys/2026_front_country/summer/data_collection/M3M-green/DCIM/DJI_202606261057_001_4/,97,2.770667085559644,True,1.0181188106424826,59.0,0.8560031763006642,2.726574500768049,2.5202868294454026,0.14035087719298245,0.47540983606557374,1.4129660087719298,1.7405162450381377,
control,surveys/2026_front_country/summer/data_collection/M3M-blue/DCIM/DJI_202606231033_001_5/,197,surveys/2026_front_country/summer/data_collection/M3M-blue/DCIM/DJI_202606231301_009_1/,184,8.678482643902083,False,,,,,,,,,,no registration
control,surveys/2026_front_country/summer/data_collection/M3M-blue/DCIM/DJI_202606231033_001_5/,267,surveys/2026_front_country/summer/data_collection/M3M-green/DCIM/DJI_202606300849_002_4/,13,0.7451052018925495,True,0.9990894092665138,90.0,0.5881360863115656,2.895958124224273,2.5674306734578383,0.23741007194244604,0.5161290322580645,1.1365840660804691,1.2086160116384437,
control,surveys/2026_front_country/summer/data_collection/M3M-red/DCIM/DJI_202607011027_013_8/,76,surveys/2026_front_country/summer/data_collection/M3M-green/DCIM/DJI_202607011018_010_3/,50,15.394442350104127,False,,,,,,,,,,scale 1.25
control,surveys/2026_front_country/summer/data_collection/M3M-red/DCIM/DJI_202607011027_013_8/,134,surveys/2026_front_country/summer/data_collection/M3M-red/DCIM/DJI_202606251311_016_13/,200,21.749798005834045,False,,,,,,,,,,no registration
control,surveys/2026_front_country/summer/data_collection/M3M-red/DCIM/DJI_202607011027_013_8/,278,surveys/2026_front_country/summer/data_collection/M3M-green/DCIM/DJI_202607010952_009_3/,433,11.90686804380828,False,,,,,,,,,,scale 1.19
control,surveys/2026_front_country/summer/data_collection/M3M-red/DCIM/DJI_202607011027_013_8/,335,surveys/2026_front_country/summer/data_collection/M3M-red/DCIM/DJI_202606251311_016_13/,47,22.068059579472944,False,,,,,,,,,,no registration
control,surveys/2026_front_country/spring/data_collection/M3M-red/DCIM/DJI_202604301348_022_0/,92,surveys/2026_front_country/spring/data_collection/M3M-blue/DCIM/DJI_202604301323_024_1/,24,6.879687182584624,True,0.9538260589285744,207.0,1.0640540903859974,2.7858857284740806,2.8360775605264585,0.17886178861788618,0.192,1.0106142728093948,0.9965345219719731,
control,surveys/2026_front_country/spring/data_collection/M3M-red/DCIM/DJI_202604301348_022_0/,104,surveys/2026_front_country/spring/data_collection/M3M-blue/DCIM/DJI_202604301323_024_1/,6,10.160750969413241,True,0.8983868047197506,381.0,0.9693256976562694,2.9918042215448324,2.9947791164658635,0.3283582089552239,0.35,0.9870356247957295,0.9911512606142702,
control,surveys/2026_front_country/spring/data_collection/M3M-red/DCIM/DJI_202604301348_022_0/,128,surveys/2026_front_country/spring/data_collection/M3M-blue/DCIM/DJI_202604301323_024_1/,82,7.0919152428440055,True,0.99478885437027,336.0,1.076656434694451,2.725398313027179,2.7765357005863334,0.42962962962962964,0.43795620437956206,1.0415204678362573,1.0252679762420263,
control,surveys/2026_front_country/spring/data_collection/M3M-red/DCIM/DJI_202604301348_022_0/,140,surveys/2026_front_country/spring/data_collection/M3M-blue/DCIM/DJI_202604301323_024_1/,63,13.106776039667668,True,0.999373577678807,262.0,1.0147353068825258,3.1400419407658497,3.128632431233363,0.2706766917293233,0.2898550724637681,1.07085020242915,1.0594485127213153,
control,surveys/2026_front_country/spring/data_collection/M3M-red/DCIM/DJI_202604301348_022_0/,152,surveys/2026_front_country/spring/data_collection/M3M-blue/DCIM/DJI_202604301323_024_1/,44,7.880184234503896,True,0.9802314019492082,230.0,1.081335559330504,2.6786219915054272,2.690879064352817,0.19491525423728814,0.21374045801526717,1.0686123447838303,1.0093953555896216,
control,surveys/2026_front_country/spring/data_collection/M3M-red/DCIM/DJI_202604301348_022_0/,164,surveys/2026_front_country/spring/data_collection/M3M-blue/DCIM/DJI_202604301323_024_1/,134,21.967576707526,True,0.9747836778747897,187.0,1.0554343870513452,2.777506045284678,2.7832833378783746,0.234375,0.24242424242424243,1.0198549723756907,1.0027368028210122,
control,surveys/2026_front_country/spring/data_collection/M3M-green/DCIM/DJI_202605021247_038_18/,49,surveys/2026_front_country/spring/data_collection/M3M-blue/DCIM/DJI_202604271404_007_19/,84,3.4016101185833505,True,0.9552534388518013,498.0,1.029057700746975,2.8759622652072894,2.9287972508591067,0.17857142857142858,0.1743119266055046,0.9670154686078253,1.0116943839507908,
control,surveys/2026_front_country/spring/data_collection/M3M-green/DCIM/DJI_202605021247_038_18/,79,surveys/2026_front_country/spring/data_collection/M3M-blue/DCIM/DJI_202604271404_007_19/,117,9.969319845274876,True,1.0014350127460625,388.0,0.931604724039102,2.867813956147623,2.8691506818310417,0.5373134328358209,0.5507246376811594,1.0025095760137368,0.9992773886557974,
control,surveys/2026_front_country/spring/data_collection/M3M-green/DCIM/DJI_202605021247_038_18/,108,surveys/2026_front_country/spring/data_collection/M3M-blue/DCIM/DJI_202604271404_007_19/,150,6.870831918185308,True,0.9871209863346165,399.0,0.8746353250876845,3.144068035256681,3.1228464419475657,0.5036496350364964,0.49264705882352944,0.9706407137064071,0.9703996386075301,
control,surveys/2026_front_country/spring/data_collection/M3M-green/DCIM/DJI_202605021247_038_18/,138,surveys/2026_front_country/spring/data_collection/M3M-blue/DCIM/DJI_202604271404_007_19/,184,6.259604645916848,True,1.0036156401776304,197.0,0.9947492886138585,2.657559149846277,2.7752410356407755,0.11818181818181818,0.0990990990990991,1.004375531011045,1.0282766502511598,
control,surveys/2026_front_country/spring/data_collection/M3M-green/DCIM/DJI_202605021247_038_18/,197,surveys/2026_front_country/spring/data_collection/M3M-blue/DCIM/DJI_202604271404_007_19/,233,5.296862185675948,True,0.9949956211412072,365.0,0.9688891786004348,3.3972289231149873,3.4412870159453304,0.4523809523809524,0.41935483870967744,0.9706457925636007,0.9798178077302211,
control,surveys/2026_front_country/summer/data_collection/M3M-red/DCIM/DJI_202606300933_007_10/,79,surveys/2026_front_country/summer/data_collection/M3M-blue/DCIM/DJI_202606251047_018_15/,586,6.270019306805233,False,,,,,,,,,,no registration
control,surveys/2026_front_country/summer/data_collection/M3M-red/DCIM/DJI_202606300933_007_10/,187,surveys/2026_front_country/summer/data_collection/M3M-blue/DCIM/DJI_202606251047_018_15/,431,5.480146185343575,True,0.929862320132001,218.0,2.7702120712297007,2.6301990932387147,3.4268554417058987,0.532258064516129,0.6691729323308271,1.5780496848350019,1.5672658723899677,
control,surveys/2026_front_country/summer/data_collection/M3M-red/DCIM/DJI_202606300933_007_10/,295,surveys/2026_front_country/summer/data_collection/M3M-blue/DCIM/DJI_202606251047_018_15/,268,22.45459944209622,True,0.9995111244894841,71.0,2.805389295272409,2.6022841878594596,3.2620919631657848,0.3826086956521739,0.4634146341463415,1.2478260869565216,1.2469367253351409,
control,surveys/2026_front_country/summer/data_collection/M3M-green/DCIM/DJI_202606221104_003_16/,88,surveys/2026_front_country/summer/data_collection/M3M-blue/DCIM/DJI_202606221228_008_20/,383,9.549850037995455,False,,,,,,,,,,scale 1.15
control,surveys/2026_front_country/summer/data_collection/M3M-green/DCIM/DJI_202606221104_003_16/,165,surveys/2026_front_country/summer/data_collection/M3M-green/DCIM/DJI_202606241131_009_11/,386,1.4902094656986096,True,0.9924652675671728,397.0,1.0383566355073923,2.6114782700645023,2.6511865740133733,0.0784313725490196,0.07079646017699115,1.0626250500200078,1.0842385069429519,
control,surveys/2026_front_country/summer/data_collection/M3M-green/DCIM/DJI_202606221104_003_16/,241,surveys/2026_front_country/summer/data_collection/M3M-blue/DCIM/DJI_202606221228_008_20/,396,20.5029226514473,False,,,,,,,,,,scale 1.22
control,surveys/2026_front_country/summer/data_collection/M3M-blue/DCIM/DJI_202606221121_004_19/,48,surveys/2026_front_country/summer/data_collection/M3M-blue/DCIM/DJI_202606251047_018_15/,347,6.72742441798718,True,0.8519067427291797,498.0,1.5224521478730715,2.9014642739183087,3.2230442310719347,0.45384615384615384,0.6,1.3737980769230769,1.4224763999044647,
control,surveys/2026_front_country/summer/data_collection/M3M-green/DCIM/DJI_202606221038_002_16/,50,surveys/2026_front_country/summer/data_collection/M3M-green/DCIM/DJI_202606241105_008_11/,347,0.6602693728120734,True,1.0091840323027423,323.0,1.0752501276498854,3.0423961878829133,3.1010157413316315,0.25663716814159293,0.37815126050420167,1.1468662868226451,1.179982470813625,
control,surveys/2026_front_country/summer/data_collection/M3M-green/DCIM/DJI_202606221038_002_16/,202,surveys/2026_front_country/summer/data_collection/M3M-green/DCIM/DJI_202606241105_008_11/,505,2.8851736821936975,True,1.0410488087933794,421.0,1.015653884064749,2.910323709536308,2.937202716449919,0.15178571428571427,0.2,1.0899014778325122,1.105531545864285,
control,surveys/2026_front_country/summer/data_collection/M3M-green/DCIM/DJI_202606221038_002_16/,353,surveys/2026_front_country/summer/data_collection/M3M-green/DCIM/DJI_202606241131_009_11/,62,11.00548486625526,True,1.0820211561005266,196.0,0.9869348672594617,2.7479058635819706,2.724476387138298,0.12173913043478261,0.11570247933884298,1.0521739130434782,1.1184033039290606,
